complaint_id,description,category,subcategory,latitude,longitude,timestamp,ground_truth_issue_id,is_duplicate
1,The road around the Eachanari area has a large crater right in the middle of the lane. This has been the case for several days.,Road,Pothole,10.952425,76.954795,2026-08-08 09:36,ISSUE_0008,True
2,The junction box around the Sitra area has been left open with live connections inside. It is causing inconvenience to daily commuters. This has been the case for several days.,Electricity,Electrical hazard,10.97648,76.996942,2026-07-23 20:50,ISSUE_0419,True
3,"There's no signal control just outside Vadavalli at all, it seems to have shut down. Several people in the area have noticed this.",Road,Traffic signal,11.021157,76.906874,2026-08-19 02:07,ISSUE_0077,True
4,"There's a bad smell in the drinking water around the Pollachi Road area. Not a big problem yet, just flagging it.",Water,Water quality,10.934166,76.967296,2026-07-31 10:15,ISSUE_0341,True
5,"Vehicles are struggling over the broken patch of road in front of Peelamedu. Not a big problem yet, just flagging it.",Road,Road damage,11.02794,77.027381,2026-08-17 22:13,ISSUE_0047,True
6,The smell from the overflowing drain close to Malumichampatti is unbearable. It's a small issue but worth noting.,Drainage,Drain overflow,10.929632,76.990597,2026-07-29 12:39,ISSUE_0253,False
7,Trash is spilling out of the bins at Mettupalayam Road onto the road.,Sanitation,Garbage collection,11.046106,76.947357,2026-08-16 19:08,ISSUE_0153,True
8,Loose gravel and broken tar cover the stretch around the Trichy Road area. It is causing inconvenience to daily commuters.,Road,Road damage,10.988862,77.011358,2026-07-31 12:27,ISSUE_0049,True
9,"The traffic signal at Vadavalli has been stuck on red for a long time. Not a big problem yet, just flagging it.",Road,Traffic signal,11.020548,76.906972,2026-07-02 00:58,ISSUE_0077,True
10,"Pedestrian signal in front of Uppilipalayam isn't functioning, making it unsafe to cross. Several people in the area have noticed this.",Road,Traffic signal,10.99067,77.023352,2026-07-05 04:21,ISSUE_0089,True
11,Bikers keep swerving along the stretch near Vilankurichi because of a hidden pothole. Several people in the area have noticed this.,Road,Pothole,11.013585,77.019691,2026-07-17 20:27,ISSUE_0017,True
12,The whole street on the Vadavalli Bridge main road has been without power since last night. Several people in the area have noticed this.,Electricity,Power outage,11.026321,76.90114,2026-08-14 10:51,ISSUE_0380,True
13,Vehicles are just going by instinct on the Kuniyamuthur main road since the signal isn't working.,Road,Traffic signal,10.968674,76.953721,2026-07-30 15:54,ISSUE_0083,True
14,Bikers keep swerving close to Vilankurichi because of a hidden pothole. Elderly residents are finding it especially difficult. This has been the case for quite some time.,Road,Pothole,11.013466,77.018707,2026-08-14 23:49,ISSUE_0017,True
15,The streetlight near the park in front of Kovaipudur has been off for a long time. Several people in the area have noticed this.,Streetlight,Broken streetlight,10.942308,76.913745,2026-08-06 17:13,ISSUE_0123,True
16,Garbage has not been collected close to Eachanari for several days now.,Sanitation,Garbage collection,10.948981,76.952268,2026-07-19 05:35,ISSUE_0156,True
17,Someone has been illegally dumping construction debris on the Ondipudur Bypass main road. This needs to be fixed immediately before someone gets hurt.,Sanitation,Waste dumping,11.011594,77.05023,2026-08-04 18:56,ISSUE_0189,True
18,The water coming from the tap around the Sathyamangalam Road area looks muddy and discolored. It is causing inconvenience to daily commuters.,Water,Water quality,11.037628,77.036363,2026-07-24 08:54,ISSUE_0334,True
19,"The underground drain at Thudiyalur seems blocked, water is coming up onto the street. Children walk through this area every day, so it needs urgent attention.",Drainage,Drain overflow,11.081659,76.945898,2026-07-24 03:32,ISSUE_0254,False
20,I nearly lost control of my bike because of a pothole around the Eachanari area. Elderly residents are finding it especially difficult.,Road,Pothole,10.953246,76.955056,2026-08-18 03:29,ISSUE_0008,True
21,"The pipeline in front of Kavundampalayam seems to have an interruption, no water is coming through.",Water,Water supply,11.049246,76.947375,2026-07-01 18:38,ISSUE_0300,True
22,The smell from the overflowing drain beside the Podanur bus stop is unbearable. Elderly residents are finding it especially difficult. This has been the case since the last heavy rain.,Drainage,Drain overflow,10.969047,76.975023,2026-07-06 10:48,ISSUE_0246,False
23,"Residents on the Pollachi Road main road have noticed a yellowish tint in the tap water. Not a big problem yet, just flagging it. This has been the case for a few weeks.",Water,Water quality,10.933844,76.967677,2026-07-10 00:24,ISSUE_0336,True
24,The road in front of Town Hall has developed ridges and dips that jolt every vehicle passing.,Road,Road damage,10.99301,76.963371,2026-07-02 17:30,ISSUE_0050,True
25,The streetlight just outside Saibaba Colony was damaged in a storm and hasn't been fixed. Several people in the area have noticed this.,Streetlight,Broken streetlight,11.019209,76.936573,2026-07-25 10:43,ISSUE_0119,True
26,"The supply line beside the Gandhipuram bus stop appears to have a leak, reducing pressure downstream. This has been the case for several days.",Water,Water supply,11.015502,76.963819,2026-08-08 20:30,ISSUE_0310,True
27,"Rainwater is not draining in front of Ganapathy Bus Stand, leaving the road waterlogged for days. It's a small issue but worth noting.",Drainage,Waterlogging,11.039066,76.96833,2026-08-15 01:08,ISSUE_0264,True
28,The signal light near Ganapathy is not working at all today. It is causing inconvenience to daily commuters.,Road,Traffic signal,11.032811,76.967153,2026-07-06 03:18,ISSUE_0079,True
29,An exposed cable in front of Ram Nagar poses a serious shock risk to children playing nearby.,Electricity,Electrical hazard,11.001014,76.961064,2026-08-15 22:07,ISSUE_0416,True
30,"The garbage van skipped our street just outside Thudiyalur again this week. Not a big problem yet, just flagging it. This has been the case since yesterday.",Sanitation,Garbage collection,11.075642,76.946005,2026-07-02 03:33,ISSUE_0164,False
31,This exposed wiring beside the Trichy Road bus stop is a serious safety hazard for the whole street.,Electricity,Electrical hazard,10.985284,77.007546,2026-08-18 00:54,ISSUE_0406,True
32,I nearly lost control of my bike because of a pothole close to Saravanampatti. This is a serious safety risk for everyone nearby.,Road,Pothole,11.072243,77.006726,2026-08-17 13:34,ISSUE_0018,True
33,Cars are slowing down suddenly near Malumichampatti to avoid a deep pothole. This is becoming a regular nuisance for residents. This has been the case since last week.,Road,Pothole,10.929339,76.988216,2026-08-10 01:51,ISSUE_0029,False
34,"Rainwater is not draining close to Rathinapuri, leaving the road waterlogged for days.",Drainage,Waterlogging,10.989192,76.945812,2026-07-10 06:32,ISSUE_0271,True
35,Builders seem to be dumping leftover material beside the Ondipudur Bypass bus stop illegally.,Sanitation,Waste dumping,11.01121,77.051006,2026-08-08 19:37,ISSUE_0189,True
36,People close to Sitra are avoiding the footpath because of overflowing drain water.,Drainage,Drain overflow,10.975919,76.995907,2026-07-27 03:44,ISSUE_0242,False
37,Garbage bags are being thrown around the Ukkadam area instead of using the designated bins. This has been the case since yesterday.,Sanitation,Waste dumping,10.990826,76.956966,2026-07-07 03:49,ISSUE_0195,True
38,The pothole in front of Rathinapuri has expanded after the rain and is now quite deep.,Road,Pothole,10.990415,76.941752,2026-07-04 14:07,ISSUE_0039,False
39,Power has gone off at Podanur multiple times today. It is causing inconvenience to daily commuters.,Electricity,Power outage,10.965926,76.974552,2026-07-25 10:02,ISSUE_0377,True
40,This pothole along the stretch near Sowripalayam is filled with water and impossible to spot at night.,Road,Pothole,10.999064,76.996848,2026-08-05 03:24,ISSUE_0028,False
41,The whole row of lights close to Kalapatti seems to be non-functional right now.,Streetlight,Broken streetlight,11.073021,77.031363,2026-08-17 14:49,ISSUE_0125,True
42,The area along the stretch near Ramanathapuram has garbage strewn about since the truck didn't show up. Many residents in the area are affected by this. This has been the case since last week.,Sanitation,Garbage collection,10.998797,76.983717,2026-07-19 23:21,ISSUE_0165,False
43,Traffic has come to a halt at Ganapathy Bus Stand due to flooded streets.,Drainage,Waterlogging,11.039738,76.968186,2026-07-12 02:29,ISSUE_0264,True
44,The whole street in the Sowripalayam locality has been without power since last night. Vehicles are getting damaged because of this.,Electricity,Power outage,11.000373,76.990576,2026-08-13 02:53,ISSUE_0388,False
45,"Cracks have widened over time on the road beside the Peelamedu bus stop, it needs resurfacing. This has been the case for over a month now.",Road,Road damage,11.029245,77.026644,2026-08-05 16:14,ISSUE_0047,True
46,"The road in front of Thudiyalur needs urgent repair, there's a huge pothole right there.",Road,Pothole,11.076547,76.942017,2026-08-13 01:13,ISSUE_0007,True
47,"Someone needs to check the signal box in front of Uppilipalayam, it keeps resetting randomly.",Road,Traffic signal,10.990541,77.023421,2026-08-01 22:22,ISSUE_0089,True
48,Edges of the road at Kavundampalayam are crumbling into the drain alongside. This has been the case since yesterday.,Road,Road damage,11.046739,76.943834,2026-07-21 11:13,ISSUE_0067,False
49,Power supply in the Chinniampalayam locality keeps fluctuating before cutting off completely. Several people in the area have noticed this.,Electricity,Power outage,11.089791,77.017569,2026-07-15 19:19,ISSUE_0367,True
50,Half the lane around the Peelamedu area has collapsed slightly due to poor drainage underneath. Noticed it this morning while passing by.,Road,Road damage,11.029241,77.023718,2026-07-18 22:56,ISSUE_0046,True
51,Sparks were seen coming from an electric pole in the Ramanathapuram locality yesterday. It is causing inconvenience to daily commuters.,Electricity,Electrical hazard,10.991448,76.9831,2026-07-02 12:25,ISSUE_0421,False
52,The water in the Kuniyamuthur locality tastes odd and doesn't seem fit for drinking. Many residents in the area are affected by this.,Water,Water quality,10.97167,76.950021,2026-08-18 05:59,ISSUE_0333,True
53,This overflow around the Ukkadam area keeps recurring every monsoon season. Noticed it this morning while passing by.,Drainage,Drain overflow,10.990763,76.958631,2026-07-13 14:21,ISSUE_0227,True
54,Garbage bags are being thrown beside the Sowripalayam bus stop instead of using the designated bins. Vehicles are getting damaged because of this.,Sanitation,Waste dumping,11.003014,76.991365,2026-07-31 14:22,ISSUE_0185,True
55,Several streetlights beside the Ram Nagar bus stop are not lighting up after sunset. This has been the case for a few weeks.,Streetlight,Broken streetlight,10.99903,76.962581,2026-07-07 15:12,ISSUE_0146,False
56,The stretch near the bridge along the stretch near Selvapuram floods badly with even moderate rain. This needs to be fixed immediately before someone gets hurt.,Drainage,Waterlogging,10.983969,76.930636,2026-07-29 12:20,ISSUE_0263,True
57,"The underground drain on the Vadavalli Bridge main road seems blocked, water is coming up onto the street.",Drainage,Drain overflow,11.020605,76.9007,2026-07-06 20:44,ISSUE_0247,False
58,There's a hole in the road surface in front of Sowripalayam that's been there for a while.,Road,Pothole,11.003036,76.994235,2026-07-15 21:45,ISSUE_0016,True
59,No one has picked up the garbage in front of Kuniyamuthur in over a week. This has been the case since last week.,Sanitation,Garbage collection,10.972405,76.950433,2026-08-16 03:56,ISSUE_0152,True
60,The streetlight around the Vellalore area was damaged in a storm and hasn't been fixed. This is a serious safety risk for everyone nearby. This has been the case for over a month now.,Streetlight,Broken streetlight,10.944503,76.995531,2026-07-17 02:16,ISSUE_0122,True
61,"A crater-like pothole has opened up just outside Eachanari near the roadside. Not a big problem yet, just flagging it.",Road,Pothole,10.952595,76.955627,2026-08-19 08:26,ISSUE_0008,True
62,"The transformer at Sathyamangalam Road seems to have tripped, cutting power to the area. This has been the case since yesterday.",Electricity,Power outage,11.04172,77.034977,2026-08-09 16:35,ISSUE_0371,True
63,Power supply near Ram Nagar keeps fluctuating before cutting off completely. This has been the case for quite some time.,Electricity,Power outage,11.004574,76.960583,2026-08-04 08:56,ISSUE_0385,False
64,"Electricity in front of Lakshmi Mills went out during the storm and hasn't returned. Not a big problem yet, just flagging it.",Electricity,Power outage,11.008498,76.956258,2026-07-19 06:26,ISSUE_0381,True
65,The water close to Sundarapuram tastes odd and doesn't seem fit for drinking. This has been the case for several days.,Water,Water quality,10.97129,76.967459,2026-07-13 19:43,ISSUE_0348,False
66,"The entire road in front of Peelamedu Pudur is underwater following last night's rain. Not a big problem yet, just flagging it.",Drainage,Waterlogging,11.026113,77.035269,2026-07-22 12:37,ISSUE_0274,True
67,There's a hole in the road surface near Rathinapuri that's been there for a while. This is becoming a regular nuisance for residents.,Road,Pothole,10.990234,76.943393,2026-08-12 13:01,ISSUE_0014,True
68,The lamp post on the Vadavalli main road has been flickering for days before finally going out. This has been the case since last week.,Streetlight,Broken streetlight,11.018705,76.903637,2026-07-12 17:20,ISSUE_0114,True
69,Several streetlights around the Sowripalayam area are not lighting up after sunset. Noticed it this morning while passing by.,Streetlight,Broken streetlight,11.00146,76.992446,2026-07-21 09:18,ISSUE_0126,True
70,"The water in the Pollachi Road locality tastes odd and doesn't seem fit for drinking. Not a big problem yet, just flagging it.",Water,Water quality,10.934197,76.966804,2026-07-15 13:31,ISSUE_0341,True
71,We lost power beside the Lakshmi Mills bus stop hours ago and there's still no sign of restoration.,Electricity,Power outage,11.008483,76.956209,2026-08-17 19:49,ISSUE_0381,True
72,Kids playing in front of Pollachi Road in the evening have almost no visibility once it gets dark. Noticed it this morning while passing by.,Streetlight,Broken streetlight,10.937249,76.973281,2026-07-30 07:04,ISSUE_0134,False
73,A damaged electrical box at Eachanari is exposed and unsafe. This is unsafe and could lead to an accident.,Electricity,Electrical hazard,10.95384,76.955577,2026-07-04 12:47,ISSUE_0413,True
74,"The light on the Sowripalayam main road flickers on and off intermittently, never staying lit. This is becoming a regular nuisance for residents. This has been the case since the last heavy rain.",Streetlight,Broken streetlight,11.000815,76.994487,2026-07-17 13:45,ISSUE_0115,True
75,A streetlight along the stretch near Kovaipudur fell over after last week's winds and hasn't been reinstalled. It is causing inconvenience to daily commuters.,Streetlight,Broken streetlight,10.943176,76.913748,2026-07-30 07:53,ISSUE_0123,True
76,"The road around the Hopes College area needs urgent repair, there's a huge pothole right there. Not a big problem yet, just flagging it.",Road,Pothole,11.008171,76.942126,2026-08-19 17:02,ISSUE_0013,True
77,Roadside dumping along the stretch near Uppilipalayam has become a regular eyesore.,Sanitation,Waste dumping,10.988617,77.021036,2026-07-23 11:06,ISSUE_0191,True
78,The sewage line just outside Ram Nagar appears to have backed up and is overflowing. This is becoming a regular nuisance for residents.,Drainage,Drain overflow,10.999246,76.960733,2026-07-18 16:08,ISSUE_0225,True
79,Drivers are ignoring the malfunctioning signal in front of Kuniyamuthur and crossing anyhow. This is a serious safety risk for everyone nearby.,Road,Traffic signal,10.966669,76.948632,2026-07-07 00:25,ISSUE_0100,False
80,"This junction's signal on the Vellalore main road has been unreliable for days now. Not a big problem yet, just flagging it.",Road,Traffic signal,10.942893,76.992825,2026-07-01 20:56,ISSUE_0088,True
81,The area at Race Course has garbage strewn about since the truck didn't show up. Elderly residents are finding it especially difficult.,Sanitation,Garbage collection,10.998514,76.956606,2026-07-25 17:53,ISSUE_0162,True
82,Loose wires are dangling just outside Ramanathapuram close to where people walk.,Electricity,Electrical hazard,10.993031,76.985225,2026-08-14 12:37,ISSUE_0414,True
83,Residents in front of Kalapatti have noticed a yellowish tint in the tap water.,Water,Water quality,11.071986,77.031127,2026-07-02 21:15,ISSUE_0342,True
84,Wastewater keeps overflowing along the stretch near Ondipudur creating a foul smell. Elderly residents are finding it especially difficult.,Drainage,Drain overflow,11.003584,77.048118,2026-07-10 22:54,ISSUE_0228,True
85,Traffic lights around the Chinniampalayam area are flickering and confusing drivers. Several people in the area have noticed this.,Road,Traffic signal,11.089137,77.019123,2026-08-06 02:36,ISSUE_0082,True
86,A deep pit has developed on the carriageway just outside Avinashi Road. This has been ignored despite earlier complaints.,Road,Pothole,11.021309,77.001761,2026-07-22 17:40,ISSUE_0027,False
87,A blocked drain around the Kuniyamuthur area is causing water to stagnate near the shops.,Drainage,Drain overflow,10.966538,76.954409,2026-07-28 11:23,ISSUE_0244,False
88,Truckloads of debris have been dumped on the Vellalore main road without any authorization. Several people in the area have noticed this.,Sanitation,Waste dumping,10.946189,76.990381,2026-07-27 02:00,ISSUE_0197,True
89,"The supply line along the stretch near Uppilipalayam appears to have a leak, reducing pressure downstream. Many residents in the area are affected by this. This has been the case since the last heavy rain.",Water,Water supply,10.985893,77.02385,2026-07-22 17:05,ISSUE_0306,True
90,Cars are slowing down suddenly in the Vilankurichi locality to avoid a deep pothole. This has been the case for quite some time.,Road,Pothole,11.01314,77.01949,2026-07-25 10:19,ISSUE_0017,True
91,"The supply line around the Gandhipuram area appears to have a leak, reducing pressure downstream.",Water,Water supply,11.014105,76.964947,2026-08-06 13:45,ISSUE_0310,True
92,"Please fix the pothole at Vadavalli Market, it's damaging vehicle tyres. It's a small issue but worth noting. This has been the case for quite some time.",Road,Pothole,11.020344,76.905365,2026-07-18 16:45,ISSUE_0011,True
93,Traffic backs up along the stretch near Lakshmi Mills every morning because the signal cycle is too short. Several people in the area have noticed this.,Road,Traffic signal,11.006176,76.949511,2026-07-24 05:18,ISSUE_0104,False
94,Bins at Mettupalayam Road are full and spilling onto the footpath. Several people in the area have noticed this.,Sanitation,Garbage collection,11.047592,76.94898,2026-07-12 22:28,ISSUE_0160,True
95,This overflow along the stretch near Hopes College keeps recurring every monsoon season. This has been the case since yesterday.,Drainage,Drain overflow,11.008918,76.942961,2026-07-22 10:45,ISSUE_0224,True
96,The overhead tank around the Gandhipuram area isn't filling properly due to supply issues. Several people in the area have noticed this.,Water,Water supply,11.015407,76.965059,2026-08-06 06:28,ISSUE_0310,True
97,Traffic backs up just outside Kuniyamuthur every morning because the signal cycle is too short. Several people in the area have noticed this.,Road,Traffic signal,10.967393,76.952912,2026-07-28 06:49,ISSUE_0083,True
98,The quality of drinking water near Pollachi Road needs to be tested urgently.,Water,Water quality,10.934491,76.967642,2026-08-17 19:02,ISSUE_0341,True
99,The water supply timing close to Ganapathy keeps changing without any notice. This has been the case for over a month now.,Water,Water supply,11.033936,76.966725,2026-07-16 19:24,ISSUE_0309,True
100,The water near Peelamedu tastes odd and doesn't seem fit for drinking. It's a small issue but worth noting.,Water,Water quality,11.027237,77.025578,2026-07-11 00:38,ISSUE_0344,True
101,Dirty water from the drain on the Neelambur main road is spilling onto the footpath. Noticed it this morning while passing by.,Drainage,Drain overflow,10.999476,77.064329,2026-07-19 03:17,ISSUE_0232,True
102,Power supply on the Ondipudur main road keeps fluctuating before cutting off completely. This has been the case since yesterday.,Electricity,Power outage,11.004548,77.043422,2026-07-30 00:33,ISSUE_0402,False
103,The entire road around the Ramanathapuram area is underwater following last night's rain.,Drainage,Waterlogging,10.99552,76.984829,2026-07-26 17:02,ISSUE_0270,True
104,The corporation water hasn't arrived just outside Sitra for three days straight.,Water,Water supply,10.975291,76.998039,2026-07-19 11:27,ISSUE_0299,True
105,We are forced to buy bottled water because the tap water on the Peelamedu main road is unsafe.,Water,Water quality,11.027614,77.026043,2026-07-15 06:32,ISSUE_0344,True
106,The supplied water in front of Ramanathapuram appears contaminated with sediment. This has been the case for the past two days.,Water,Water quality,10.993227,76.978306,2026-08-04 14:44,ISSUE_0359,False
107,"Water comes only late at night around the Town Hall area, making it hard to store enough. It's a small issue but worth noting.",Water,Water supply,10.994954,76.965045,2026-07-04 23:54,ISSUE_0298,True
108,Water supply just outside Kavundampalayam Bypass has become unpredictable over the last month. Vehicles are getting damaged because of this.,Water,Water supply,11.052886,76.952385,2026-08-19 20:59,ISSUE_0325,False
109,Households on the Kalapatti main road are struggling without a consistent water supply. This has been the case for the past two days.,Water,Water supply,11.071415,77.029751,2026-07-12 07:12,ISSUE_0305,True
110,This pothole close to Thudiyalur is filled with water and impossible to spot at night.,Road,Pothole,11.076283,76.94301,2026-07-05 22:20,ISSUE_0007,True
111,The road along the stretch near Kalapatti has eroded badly after the recent rains. Several people in the area have noticed this.,Road,Road damage,11.073542,77.032043,2026-07-07 18:00,ISSUE_0054,True
112,The junction at Mettupalayam Road turns into a small lake after every monsoon shower. Vehicles are getting damaged because of this.,Drainage,Waterlogging,11.044456,76.946192,2026-07-05 22:54,ISSUE_0294,False
113,"Several streetlights along the stretch near Saibaba Colony are not lighting up after sunset. Not a big problem yet, just flagging it.",Streetlight,Broken streetlight,11.019568,76.93713,2026-08-15 23:27,ISSUE_0119,True
114,There is a growing dump of mixed waste on the Kovaipudur main road near the compound wall. It is causing inconvenience to daily commuters.,Sanitation,Waste dumping,10.940184,76.916385,2026-07-22 00:26,ISSUE_0190,True
115,The entire stretch on the Ram Nagar main road looks like it hasn't been repaired in years.,Road,Road damage,11.003418,76.965769,2026-08-10 02:29,ISSUE_0048,True
116,Someone dumped a truckload of rubble in front of Uppilipalayam blocking part of the footpath. It is causing inconvenience to daily commuters. This has been the case for the past two days.,Sanitation,Waste dumping,10.989618,77.02066,2026-07-19 11:05,ISSUE_0191,True
117,Residents at Saravanampatti say the pothole has been ignored for weeks. Vehicles are getting damaged because of this.,Road,Pothole,11.072431,77.007688,2026-07-07 11:59,ISSUE_0018,True
118,Households beside the Gandhipuram bus stop are struggling without a consistent water supply. This is becoming a regular nuisance for residents.,Water,Water supply,11.0143,76.963657,2026-07-03 16:48,ISSUE_0310,True
119,No one has picked up the garbage around the Avinashi Road area in over a week.,Sanitation,Garbage collection,11.020949,77.002634,2026-07-13 00:49,ISSUE_0154,True
120,"Electricity in the Vadavalli locality has been unstable, going off every few hours. Elderly residents are finding it especially difficult.",Electricity,Power outage,11.019393,76.902652,2026-08-13 22:29,ISSUE_0374,True
121,"There's no signal control along the stretch near Vadavalli at all, it seems to have shut down.",Road,Traffic signal,11.021386,76.907034,2026-07-08 10:50,ISSUE_0077,True
122,No water has reached the taps at Chinniampalayam since the pipeline work started. This has been ignored despite earlier complaints.,Water,Water supply,11.088137,77.018495,2026-07-18 03:02,ISSUE_0319,False
123,The waste collection truck hasn't come along the stretch near Ram Nagar this week at all. It's a small issue but worth noting.,Sanitation,Garbage collection,11.004482,76.961038,2026-08-05 08:54,ISSUE_0176,False
124,The smell from the overflowing drain along the stretch near Kovaipudur is unbearable. This is becoming a regular nuisance for residents.,Drainage,Drain overflow,10.93862,76.917115,2026-08-06 04:28,ISSUE_0231,True
125,Wastewater keeps overflowing in the Hopes College locality creating a foul smell.,Drainage,Drain overflow,11.009741,76.944532,2026-08-16 04:44,ISSUE_0224,True
126,Vehicles are struggling over the broken patch of road beside the Kovaipudur bus stop.,Road,Road damage,10.94135,76.915304,2026-07-06 16:03,ISSUE_0065,False
127,The stretch near the bridge along the stretch near Vellalore floods badly with even moderate rain. It's a small issue but worth noting.,Drainage,Waterlogging,10.944924,76.996052,2026-08-09 07:15,ISSUE_0268,True
128,Flies and stray dogs are gathering around the uncollected waste along the stretch near Vilankurichi. Many residents in the area are affected by this.,Sanitation,Garbage collection,11.016242,77.016212,2026-07-21 22:17,ISSUE_0157,True
129,Water pressure in front of Kavundampalayam Bypass has been extremely low this week. Noticed it this morning while passing by.,Water,Water supply,11.051678,76.947668,2026-07-20 18:36,ISSUE_0304,True
130,This water on the Pollachi Road main road doesn't look safe to drink at all. The water appears contaminated and unsafe to use.,Water,Water quality,10.934026,76.96715,2026-07-10 13:22,ISSUE_0336,True
131,The road in the RS Puram locality is filled with knee-deep water right now. This has been the case since the last heavy rain.,Drainage,Waterlogging,11.004153,76.953708,2026-08-10 14:15,ISSUE_0276,False
132,People from outside the area are dumping trash in front of Eachanari at night. Many residents in the area are affected by this.,Sanitation,Waste dumping,10.95271,76.951559,2026-07-07 04:26,ISSUE_0211,False
133,Residents beside the Town Hall bus stop are relying on tankers because the supply has stopped. This needs to be fixed immediately before someone gets hurt.,Water,Water supply,10.994541,76.963905,2026-07-26 11:49,ISSUE_0298,True
134,"The transformer close to Lakshmi Mills seems to have tripped, cutting power to the area. Many residents in the area are affected by this.",Electricity,Power outage,11.007904,76.956074,2026-07-06 12:57,ISSUE_0381,True
135,The color of the water in front of Pollachi Road changes between clear and brownish. This is unsafe and could lead to an accident.,Water,Water quality,10.93289,76.967807,2026-07-18 12:48,ISSUE_0336,True
136,The area near Eachanari has garbage strewn about since the truck didn't show up. Vehicles are getting damaged because of this. This has been the case since the last heavy rain.,Sanitation,Garbage collection,10.952104,76.951296,2026-07-14 02:44,ISSUE_0150,True
137,The road around the Chinniampalayam area has eroded badly after the recent rains. This has been the case since yesterday.,Road,Road damage,11.086351,77.017525,2026-07-30 14:22,ISSUE_0043,True
138,Chunks of the road close to Peelamedu have crumbled away leaving an uneven surface. Several people in the area have noticed this.,Road,Road damage,11.028304,77.026352,2026-08-17 21:55,ISSUE_0047,True
139,There's been an irregular water supply near Town Hall for over a week now. This is becoming a regular nuisance for residents.,Water,Water supply,10.994109,76.964631,2026-08-20 22:08,ISSUE_0298,True
140,There are long cracks running across the road in the Malumichampatti locality. Several people in the area have noticed this.,Road,Road damage,10.926021,76.990274,2026-08-20 16:12,ISSUE_0044,True
141,The surface near Podanur is patchy with old repairs breaking down again. This is becoming a regular nuisance for residents.,Road,Road damage,10.968478,76.974375,2026-08-10 05:39,ISSUE_0045,True
142,A broken electrical fixture just outside Vadavalli is sparking intermittently. Many residents in the area are affected by this.,Electricity,Electrical hazard,11.020199,76.902617,2026-07-17 05:11,ISSUE_0440,False
143,A streetlight close to Kalapatti fell over after last week's winds and hasn't been reinstalled.,Streetlight,Broken streetlight,11.072062,77.03034,2026-07-16 12:29,ISSUE_0125,True
144,We are forced to buy bottled water because the tap water in the Peelamedu locality is unsafe.,Water,Water quality,11.027409,77.02604,2026-07-20 23:08,ISSUE_0344,True
145,"The signal near Kuniyamuthur is out of sync, causing jams in every direction. This has been the case since the last heavy rain.",Road,Traffic signal,10.968412,76.952997,2026-07-31 11:14,ISSUE_0083,True
146,We've been without water along the stretch near Gandhipuram since the maintenance work began. This has been the case for the past two days.,Water,Water supply,11.014526,76.965082,2026-07-04 19:26,ISSUE_0310,True
147,"One side of the signal just outside Vellalore stays green far too long, blocking cross traffic. This is becoming a regular nuisance for residents.",Road,Traffic signal,10.942199,76.992457,2026-07-16 18:26,ISSUE_0088,True
148,"The streetlight wiring close to Rathinapuri looks damaged, possibly why it isn't lighting. This is a serious safety risk for everyone nearby.",Streetlight,Broken streetlight,10.986799,76.946099,2026-08-09 12:31,ISSUE_0116,True
149,This area at Saravanampatti always floods whenever there's heavy rain. Elderly residents are finding it especially difficult.,Drainage,Waterlogging,11.06972,77.008908,2026-07-04 08:22,ISSUE_0286,False
150,Someone dumped a truckload of rubble close to Trichy Road blocking part of the footpath. Many residents in the area are affected by this.,Sanitation,Waste dumping,10.987977,77.006233,2026-08-07 15:10,ISSUE_0198,True
151,A crater-like pothole has opened up at Vadavalli Market near the roadside. This is becoming a regular nuisance for residents. This has been the case since last week.,Road,Pothole,11.019465,76.905923,2026-08-17 03:29,ISSUE_0011,True
152,"The quality of drinking water along the stretch near Ganapathy needs to be tested urgently. Not a big problem yet, just flagging it.",Water,Water quality,11.033153,76.973813,2026-08-02 11:06,ISSUE_0345,False
153,"Collection close to Race Course used to be regular but has become very irregular lately. Not a big problem yet, just flagging it.",Sanitation,Garbage collection,10.99773,76.955961,2026-07-08 13:51,ISSUE_0162,True
154,"One side of the signal close to Vilankurichi stays green far too long, blocking cross traffic. Noticed it this morning while passing by.",Road,Traffic signal,11.016706,77.016516,2026-07-26 22:25,ISSUE_0094,False
155,An exposed cable near Trichy Road poses a serious shock risk to children playing nearby. This has been the case since last week.,Electricity,Electrical hazard,10.98595,77.008886,2026-07-21 10:36,ISSUE_0406,True
156,The damaged stretch in front of Kavundampalayam Bypass is especially hard to navigate after rain.,Road,Road damage,11.050347,76.948635,2026-07-26 11:06,ISSUE_0042,True
157,Cross traffic around the Kuniyamuthur area is a mess without a working signal. Vehicles are getting damaged because of this.,Road,Traffic signal,10.967919,76.953457,2026-08-11 16:12,ISSUE_0083,True
158,Power supply along the stretch near Singanallur keeps fluctuating before cutting off completely. This is a serious safety risk for everyone nearby. This has been the case for a few weeks.,Electricity,Power outage,11.002413,77.026648,2026-07-25 01:48,ISSUE_0368,True
159,The low-lying stretch just outside Neelambur floods every time it rains. It's a small issue but worth noting.,Drainage,Waterlogging,11.000584,77.066056,2026-07-11 23:27,ISSUE_0265,True
160,The underpass in the Hopes College locality is submerged and impassable after the rain. This has been ignored despite earlier complaints.,Drainage,Waterlogging,11.00972,76.94366,2026-08-13 02:01,ISSUE_0269,True
161,"There's an uneven, sunken patch on the road in front of Trichy Road that's basically a pothole now. This has been the case since the last heavy rain.",Road,Pothole,10.98841,77.008069,2026-07-31 22:28,ISSUE_0025,False
162,There is a growing dump of mixed waste on the Trichy Road main road near the compound wall.,Sanitation,Waste dumping,10.988274,77.007056,2026-07-09 03:03,ISSUE_0198,True
163,The pole on the Trichy Road main road has visible sparking whenever it rains. This has been the case for the past two days.,Electricity,Electrical hazard,10.984887,77.007592,2026-07-03 07:46,ISSUE_0406,True
164,The signal pole just outside Vadavalli looks damaged and the lights aren't lighting up. It's a small issue but worth noting.,Road,Traffic signal,11.021141,76.906308,2026-07-02 23:33,ISSUE_0077,True
165,"Power has gone off at Kavundampalayam Bypass multiple times today. Not a big problem yet, just flagging it.",Electricity,Power outage,11.04897,76.952249,2026-08-16 18:41,ISSUE_0375,True
166,"The color of the water at Thudiyalur changes between clear and brownish. Not a big problem yet, just flagging it.",Water,Water quality,11.080882,76.941169,2026-08-05 00:29,ISSUE_0343,True
167,This junction's signal close to Vadavalli has been unreliable for days now.,Road,Traffic signal,11.020524,76.906103,2026-07-13 07:50,ISSUE_0077,True
168,"Waste keeps piling up close to Eachanari because collection has stopped coming on schedule. Not a big problem yet, just flagging it.",Sanitation,Garbage collection,10.951665,76.951188,2026-07-24 13:01,ISSUE_0150,True
169,Trash bins along the stretch near Kavundampalayam Bypass are overflowing and haven't been emptied. Noticed it this morning while passing by.,Sanitation,Garbage collection,11.05177,76.947971,2026-07-15 00:14,ISSUE_0169,False
170,"The streetlight along the stretch near Ramanathapuram has stopped working and the area is very dark at night. Children walk through this area every day, so it needs urgent attention. This has been the case since last week.",Streetlight,Broken streetlight,10.994639,76.984007,2026-07-21 05:35,ISSUE_0113,True
171,There has been no water supply along the stretch near Kalapatti for the past two days. Noticed it this morning while passing by.,Water,Water supply,11.070755,77.029528,2026-07-23 19:27,ISSUE_0305,True
172,"People at Neelambur are avoiding the footpath because of overflowing drain water. Not a big problem yet, just flagging it.",Drainage,Drain overflow,11.00012,77.063824,2026-08-02 22:16,ISSUE_0232,True
173,No water has reached the taps close to Vellalore since the pipeline work started. Several people in the area have noticed this.,Water,Water supply,10.943266,76.990868,2026-07-19 19:03,ISSUE_0303,True
174,The water along the stretch near Saibaba Colony tastes odd and doesn't seem fit for drinking.,Water,Water quality,11.014134,76.935191,2026-07-24 14:46,ISSUE_0361,False
175,Builders seem to be dumping leftover material along the stretch near Vellalore illegally. This has been the case for a few weeks.,Sanitation,Waste dumping,10.94448,76.993672,2026-08-17 15:52,ISSUE_0196,True
176,This exposed wiring near Singanallur is a serious safety hazard for the whole street. It is causing inconvenience to daily commuters.,Electricity,Electrical hazard,11.000968,77.029193,2026-08-17 16:52,ISSUE_0435,False
177,"The road at Avinashi Road needs urgent repair, there's a huge pothole right there. This has been the case for quite some time.",Road,Pothole,11.023586,77.004101,2026-07-08 01:15,ISSUE_0012,True
178,There's visible road erosion in the Kalapatti locality near the shoulder.,Road,Road damage,11.073825,77.031504,2026-08-20 03:19,ISSUE_0054,True
179,It's hard to find the entrance near Kovaipudur at night with the light out. This has been the case for a few weeks.,Streetlight,Broken streetlight,10.942506,76.912393,2026-08-15 19:33,ISSUE_0123,True
180,The drain near the junction beside the Hopes College bus stop is choked with debris and overflowing. It is causing inconvenience to daily commuters.,Drainage,Drain overflow,11.00622,76.941021,2026-07-15 08:37,ISSUE_0223,True
181,Households in the Ram Nagar locality are boiling water extra carefully due to contamination concerns. This is becoming a regular nuisance for residents.,Water,Water quality,11.000021,76.962396,2026-07-27 16:56,ISSUE_0335,True
182,Waste from nearby shops is being dumped along the stretch near Trichy Road instead of collected properly.,Sanitation,Waste dumping,10.988136,77.009187,2026-07-08 02:34,ISSUE_0200,False
183,The corporation water hasn't arrived in the Kavundampalayam Bypass locality for three days straight. Several people in the area have noticed this. This has been the case since last week.,Water,Water supply,11.051859,76.948217,2026-07-16 00:05,ISSUE_0304,True
184,Taps in front of Kalapatti have been running dry since yesterday. Elderly residents are finding it especially difficult.,Water,Water supply,11.070553,77.030345,2026-07-23 01:17,ISSUE_0305,True
185,"There's barely any pressure in the pipes just outside Uppilipalayam, water just dribbles out. It is causing inconvenience to daily commuters.",Water,Water supply,10.98505,77.023756,2026-08-05 10:11,ISSUE_0306,True
186,The supply around the Podanur area tripped again after being restored just an hour ago. It's a small issue but worth noting. This has been the case for the past two days.,Electricity,Power outage,10.965568,76.972153,2026-08-19 11:40,ISSUE_0369,True
187,My scooter's suspension got damaged going over a pothole beside the Sundarapuram bus stop. This is a serious safety risk for everyone nearby.,Road,Pothole,10.975421,76.963264,2026-08-11 13:58,ISSUE_0036,False
188,Heavy waterlogging has returned just outside Race Course after the recent showers.,Drainage,Waterlogging,10.995472,76.955836,2026-08-17 21:37,ISSUE_0273,True
189,A pile of dumped waste has appeared in the Eachanari locality overnight.,Sanitation,Waste dumping,10.950526,76.954242,2026-08-09 07:15,ISSUE_0209,False
190,"Pedestrian signal just outside Kavundampalayam Bypass isn't functioning, making it unsafe to cross. This is unsafe and could lead to an accident.",Road,Traffic signal,11.053199,76.949657,2026-08-15 13:17,ISSUE_0085,True
191,Sparking has been seen near the streetlight wiring close to Kovaipudur at night.,Electricity,Electrical hazard,10.941092,76.915302,2026-07-02 05:45,ISSUE_0418,True
192,"Cracks have widened over time on the road near Town Hall, it needs resurfacing.",Road,Road damage,10.992431,76.961947,2026-07-07 03:35,ISSUE_0050,True
193,A crater-like pothole has opened up around the Vadavalli area near the roadside. A two-wheeler rider nearly fell because of this pothole.,Road,Pothole,11.021555,76.905984,2026-07-02 21:57,ISSUE_0006,True
194,The streetlight near the park on the Rathinapuri main road has been off for a long time. This is becoming a regular nuisance for residents. This has been the case since yesterday.,Streetlight,Broken streetlight,10.987262,76.94513,2026-08-09 21:18,ISSUE_0116,True
195,Household waste along the stretch near Avinashi Road is accumulating since the collection schedule was disrupted.,Sanitation,Garbage collection,11.020973,77.002986,2026-08-19 11:47,ISSUE_0154,True
196,Half the lane around the Kalapatti area has collapsed slightly due to poor drainage underneath. It is causing inconvenience to daily commuters.,Road,Road damage,11.073505,77.032,2026-08-08 01:25,ISSUE_0054,True
197,The traffic signal on the Vadavalli Bridge main road went completely dark this evening. This has been the case for the past two days.,Road,Traffic signal,11.025264,76.902766,2026-07-31 11:50,ISSUE_0103,False
198,"Please fix the pothole just outside Kuniyamuthur, it's damaging vehicle tyres. This is becoming a regular nuisance for residents.",Road,Pothole,10.967528,76.950808,2026-07-16 20:10,ISSUE_0010,True
199,Illegal dumping along the stretch near Vellalore is attracting stray dogs and pests. This has been the case for over a month now.,Sanitation,Waste dumping,10.946291,76.990084,2026-08-20 22:31,ISSUE_0197,True
200,The stretch at Kuniyamuthur is full of potholes making it hard to ride smoothly.,Road,Pothole,10.96736,76.951601,2026-07-15 01:37,ISSUE_0010,True
201,A deep pit has developed on the carriageway beside the Ramanathapuram bus stop.,Road,Pothole,10.997346,76.980582,2026-07-21 17:51,ISSUE_0002,True
202,People from outside the area are dumping trash near Trichy Road at night. It is causing inconvenience to daily commuters.,Sanitation,Waste dumping,10.98857,77.00661,2026-07-01 00:24,ISSUE_0198,True
203,"Power cuts at Sathyamangalam Road are becoming a daily routine lately. Children walk through this area every day, so it needs urgent attention.",Electricity,Power outage,11.042392,77.034132,2026-08-05 18:08,ISSUE_0371,True
204,"The transformer in the Vadavalli Bridge locality seems to have tripped, cutting power to the area. Not a big problem yet, just flagging it. This has been the case for quite some time.",Electricity,Power outage,11.025602,76.902344,2026-08-09 18:24,ISSUE_0380,True
205,There's a bad smell in the drinking water in front of Thudiyalur. Several people in the area have noticed this.,Water,Water quality,11.081403,76.94095,2026-07-28 10:46,ISSUE_0343,True
206,Trash is spilling out of the bins around the Avinashi Road area onto the road.,Sanitation,Garbage collection,11.021934,77.002112,2026-08-05 10:00,ISSUE_0154,True
207,Residents in front of Race Course are frustrated with the inconsistent garbage pickup. It is causing inconvenience to daily commuters.,Sanitation,Garbage collection,10.998901,76.955544,2026-07-27 02:26,ISSUE_0162,True
208,The streetlight near the park in the Sowripalayam locality has been off for a long time.,Streetlight,Broken streetlight,11.000841,76.993936,2026-07-16 23:03,ISSUE_0115,True
209,Someone has been illegally dumping construction debris around the Trichy Road area. This has been ignored despite earlier complaints.,Sanitation,Waste dumping,10.987501,77.006716,2026-08-05 21:17,ISSUE_0198,True
210,A broken electrical fixture in front of Podanur is sparking intermittently.,Electricity,Electrical hazard,10.968402,76.971605,2026-08-16 08:44,ISSUE_0409,True
211,This area just outside Neelambur always floods whenever there's heavy rain.,Drainage,Waterlogging,11.000826,77.065975,2026-08-02 16:20,ISSUE_0265,True
212,"Cracks have widened over time on the road near Podanur, it needs resurfacing. Noticed it this morning while passing by.",Road,Road damage,10.967671,76.974097,2026-07-30 12:37,ISSUE_0045,True
213,Water is accumulating in the Peelamedu Pudur locality after yesterday's rain. It's a small issue but worth noting.,Drainage,Waterlogging,11.026858,77.035734,2026-08-10 10:26,ISSUE_0274,True
214,Storm water drains close to Avinashi Road are blocked and overflowing. This needs to be fixed immediately before someone gets hurt.,Drainage,Drain overflow,11.021949,76.999902,2026-07-17 02:22,ISSUE_0236,True
215,The area around the Avinashi Road area has garbage strewn about since the truck didn't show up. Many residents in the area are affected by this.,Sanitation,Garbage collection,11.021697,77.002932,2026-07-26 01:58,ISSUE_0154,True
216,Households close to Ukkadam are boiling water extra carefully due to contamination concerns.,Water,Water quality,10.990725,76.961023,2026-07-08 05:36,ISSUE_0337,True
217,I nearly lost control of my bike because of a pothole at Eachanari. This is a serious safety risk for everyone nearby.,Road,Pothole,10.953504,76.955521,2026-07-15 23:39,ISSUE_0008,True
218,The supply on the Chinniampalayam main road tripped again after being restored just an hour ago.,Electricity,Power outage,11.089894,77.017138,2026-07-10 00:45,ISSUE_0367,True
219,I nearly lost control of my bike because of a pothole around the Vilankurichi area. Several people in the area have noticed this.,Road,Pothole,11.012565,77.019706,2026-08-11 20:18,ISSUE_0017,True
220,I nearly lost control of my bike because of a pothole beside the Saravanampatti bus stop. It's a small issue but worth noting.,Road,Pothole,11.072053,77.006797,2026-07-04 15:53,ISSUE_0018,True
221,The area just outside Avinashi Road has garbage strewn about since the truck didn't show up. Elderly residents are finding it especially difficult.,Sanitation,Garbage collection,11.02133,77.002579,2026-08-06 05:43,ISSUE_0154,True
222,The red light beside the Kavundampalayam Bypass bus stop doesn't seem to turn green even after a long wait. Noticed it this morning while passing by.,Road,Traffic signal,11.047215,76.951777,2026-07-05 23:12,ISSUE_0095,False
223,"One side of the signal in front of Ondipudur Bypass stays green far too long, blocking cross traffic. This is becoming a regular nuisance for residents.",Road,Traffic signal,11.011188,77.051025,2026-07-20 09:25,ISSUE_0092,False
224,"The electric pole around the Saravanampatti area looks tilted and unstable, possibly a hazard. This has been the case since last week.",Electricity,Electrical hazard,11.076612,77.008544,2026-07-29 03:37,ISSUE_0436,False
225,"One side of the signal on the Ganapathy main road stays green far too long, blocking cross traffic. This is becoming a regular nuisance for residents.",Road,Traffic signal,11.03336,76.968041,2026-07-30 04:30,ISSUE_0079,True
226,Bikers keep swerving just outside Ram Nagar because of a hidden pothole.,Road,Pothole,11.001439,76.962516,2026-07-01 02:30,ISSUE_0020,False
227,Complaints about foul-smelling water at Singanallur have increased this month. Many residents in the area are affected by this.,Water,Water quality,10.998287,77.028854,2026-08-13 08:19,ISSUE_0358,False
228,Bikers keep swerving along the stretch near Eachanari because of a hidden pothole. This has been the case since last week.,Road,Pothole,10.954875,76.95304,2026-07-22 08:51,ISSUE_0031,False
229,Someone dumped a mattress and other bulky waste beside the Ondipudur Bypass bus stop.,Sanitation,Waste dumping,11.008761,77.045695,2026-07-05 16:05,ISSUE_0194,True
230,"Pedestrian signal along the stretch near Selvapuram isn't functioning, making it unsafe to cross. This has been the case for several days.",Road,Traffic signal,10.987561,76.935273,2026-07-04 14:23,ISSUE_0080,True
231,Residents in the Vadavalli locality have been asking for the streetlight to be repaired for weeks. It is causing inconvenience to daily commuters.,Streetlight,Broken streetlight,11.019417,76.903879,2026-07-23 16:16,ISSUE_0114,True
232,The traffic signal just outside Town Hall went completely dark this evening. This is becoming a regular nuisance for residents.,Road,Traffic signal,10.993586,76.961295,2026-08-05 09:25,ISSUE_0086,True
233,The water along the stretch near Town Hall tastes odd and doesn't seem fit for drinking. Several people in the area have noticed this. This has been the case since yesterday.,Water,Water quality,10.997131,76.962476,2026-08-02 03:56,ISSUE_0352,False
234,The pole just outside Rathinapuri is standing but the light on top isn't working.,Streetlight,Broken streetlight,10.98938,76.942516,2026-08-17 09:21,ISSUE_0121,True
235,"Cars are slowing down suddenly around the Rathinapuri area to avoid a deep pothole. Not a big problem yet, just flagging it. This has been the case for a few weeks.",Road,Pothole,10.985651,76.942561,2026-08-18 19:24,ISSUE_0001,True
236,The waterlogging just outside Peelamedu Pudur is making it impossible for two-wheelers to pass. Elderly residents are finding it especially difficult. This has been the case for the past two days.,Drainage,Waterlogging,11.027154,77.035491,2026-07-09 01:23,ISSUE_0274,True
237,The entire road close to Saibaba Colony is underwater following last night's rain. This has been the case for quite some time.,Drainage,Waterlogging,11.020796,76.940334,2026-07-05 23:41,ISSUE_0296,False
238,Shops close to Ramanathapuram are getting flooded because the road can't drain the water. It's a small issue but worth noting.,Drainage,Waterlogging,10.994362,76.984192,2026-07-24 11:13,ISSUE_0270,True
239,The whole row of lights at Pollachi Road seems to be non-functional right now. This needs to be fixed immediately before someone gets hurt.,Streetlight,Broken streetlight,10.938051,76.969349,2026-08-11 05:15,ISSUE_0135,False
240,The waterlogging on the Hopes College main road is making it impossible for two-wheelers to pass. Elderly residents are finding it especially difficult.,Drainage,Waterlogging,11.010237,76.943601,2026-08-14 09:50,ISSUE_0269,True
241,The power supply near Sathyamangalam Road has been cut for several hours now. This has been the case since the last heavy rain.,Electricity,Power outage,11.041442,77.035005,2026-08-18 06:53,ISSUE_0371,True
242,It's pitch dark in the Pollachi Road locality at night because the streetlight is broken. Elderly residents are finding it especially difficult.,Streetlight,Broken streetlight,10.93534,76.971095,2026-08-18 14:19,ISSUE_0138,False
243,The tar layer close to Peelamedu has peeled off exposing the base layer beneath. This is becoming a regular nuisance for residents.,Road,Road damage,11.03007,77.0247,2026-08-10 20:38,ISSUE_0046,True
244,"The low-lying stretch in front of Peelamedu Pudur floods every time it rains. Not a big problem yet, just flagging it. This has been the case since last week.",Drainage,Waterlogging,11.026458,77.034366,2026-07-15 06:37,ISSUE_0274,True
245,Waste keeps piling up around the Hopes College area because collection has stopped coming on schedule.,Sanitation,Garbage collection,11.005896,76.944037,2026-08-10 11:53,ISSUE_0161,True
246,There's a hole in the road surface along the stretch near Vadavalli that's been there for a while. Many residents in the area are affected by this.,Road,Pothole,11.022961,76.902331,2026-07-04 15:56,ISSUE_0015,True
247,"The pole beside the Gandhipuram bus stop has visible sparking whenever it rains. Not a big problem yet, just flagging it.",Electricity,Electrical hazard,11.01766,76.968406,2026-07-10 23:27,ISSUE_0412,True
248,This area at Ganapathy Bus Stand always floods whenever there's heavy rain. Elderly residents are finding it especially difficult.,Drainage,Waterlogging,11.037129,76.969522,2026-07-22 10:25,ISSUE_0261,True
249,The pole in the Rathinapuri locality is standing but the light on top isn't working. This has been the case for a few weeks.,Streetlight,Broken streetlight,10.990078,76.942388,2026-07-21 07:52,ISSUE_0121,True
250,No water has reached the taps close to Town Hall since the pipeline work started. It is causing inconvenience to daily commuters.,Water,Water supply,10.995489,76.964842,2026-07-21 23:02,ISSUE_0298,True
251,Several two-wheeler riders have complained about the pothole just outside Kurichi.,Road,Pothole,10.965475,76.965299,2026-07-10 03:33,ISSUE_0032,False
252,Loose stones and debris from the broken road along the stretch near Thudiyalur are a hazard for two-wheelers.,Road,Road damage,11.080182,76.942492,2026-08-11 15:48,ISSUE_0051,True
253,The street along the stretch near Vilankurichi looks unhygienic due to missed garbage collection.,Sanitation,Garbage collection,11.015397,77.01651,2026-07-10 16:34,ISSUE_0157,True
254,Trash is spilling out of the bins along the stretch near Mettupalayam Road onto the road. Many residents in the area are affected by this.,Sanitation,Garbage collection,11.045573,76.947332,2026-07-15 07:45,ISSUE_0153,True
255,It's been two weeks and the garbage in front of Race Course hasn't been touched. This has been the case for several days.,Sanitation,Garbage collection,10.998747,76.95683,2026-07-08 06:54,ISSUE_0162,True
256,Residents around the Thudiyalur area have been asking for the streetlight to be repaired for weeks. This has been the case for over a month now.,Streetlight,Broken streetlight,11.077841,76.945069,2026-08-14 19:42,ISSUE_0130,False
257,"The entire stretch beside the Chinniampalayam bus stop looks like it hasn't been repaired in years. Children walk through this area every day, so it needs urgent attention.",Road,Road damage,11.086653,77.016962,2026-07-14 10:20,ISSUE_0043,True
258,Sewage is backing up on the Ganapathy Bus Stand main road because the drain is clogged. This has been ignored despite earlier complaints. This has been the case for a few weeks.,Drainage,Drain overflow,11.037103,76.9661,2026-08-02 03:24,ISSUE_0229,True
259,This drain close to Ukkadam hasn't been cleaned in a long time and is now overflowing.,Drainage,Drain overflow,10.991069,76.958787,2026-07-20 02:18,ISSUE_0227,True
260,"Someone needs to check the signal box on the Kovaipudur main road, it keeps resetting randomly.",Road,Traffic signal,10.940458,76.913385,2026-07-22 17:10,ISSUE_0087,True
261,Cars are slowing down suddenly in front of Singanallur to avoid a deep pothole. Several people in the area have noticed this. This has been the case since the last heavy rain.,Road,Pothole,11.001808,77.026655,2026-07-30 21:45,ISSUE_0030,False
262,The pole in front of Kovaipudur is standing but the light on top isn't working. It's a small issue but worth noting.,Streetlight,Broken streetlight,10.943229,76.912369,2026-08-09 11:27,ISSUE_0123,True
263,Truckloads of debris have been dumped in front of Ukkadam without any authorization. Several people in the area have noticed this.,Sanitation,Waste dumping,10.991415,76.956482,2026-07-17 03:34,ISSUE_0195,True
264,There was a burning smell near the transformer close to Sowripalayam this evening. It's a small issue but worth noting. This has been the case for the past two days.,Electricity,Electrical hazard,11.002689,76.990689,2026-07-01 22:48,ISSUE_0425,False
265,There's a pile of household waste building up in the Avinashi Road locality.,Sanitation,Garbage collection,11.021511,77.002268,2026-07-09 18:22,ISSUE_0154,True
266,People are dumping garbage on the empty plot beside the Sowripalayam bus stop regularly.,Sanitation,Waste dumping,11.002913,76.992397,2026-07-16 17:42,ISSUE_0185,True
267,Power cuts along the stretch near Ondipudur are becoming a daily routine lately. It is causing inconvenience to daily commuters. This has been the case since the last heavy rain.,Electricity,Power outage,11.007376,77.043984,2026-08-06 15:41,ISSUE_0376,True
268,The supply close to Vadavalli Bridge tripped again after being restored just an hour ago. This has been the case for several days.,Electricity,Power outage,11.025691,76.902412,2026-07-27 11:16,ISSUE_0380,True
269,Trash is spilling out of the bins around the Kavundampalayam area onto the road. Elderly residents are finding it especially difficult.,Sanitation,Garbage collection,11.049018,76.942391,2026-07-30 03:44,ISSUE_0149,True
270,The area on the Kavundampalayam Bypass main road has experienced repeated power interruptions this month.,Electricity,Power outage,11.049025,76.9512,2026-07-12 20:07,ISSUE_0375,True
271,The low-lying stretch close to Ganapathy Bus Stand floods every time it rains. The water level is almost knee-deep in places.,Drainage,Waterlogging,11.038555,76.968686,2026-08-14 23:29,ISSUE_0261,True
272,Electricity around the Saravanampatti area went out during the storm and hasn't returned.,Electricity,Power outage,11.071676,77.010118,2026-07-06 16:09,ISSUE_0393,False
273,The traffic signal in the Selvapuram locality went completely dark this evening. Noticed it this morning while passing by.,Road,Traffic signal,10.98901,76.935508,2026-07-07 18:22,ISSUE_0080,True
274,Traffic backs up along the stretch near Gandhipuram every morning because the signal cycle is too short. Noticed it this morning while passing by. This has been the case since last week.,Road,Traffic signal,11.014907,76.963424,2026-08-08 10:33,ISSUE_0090,False
275,There's a foul-smelling dump pile in front of Vellalore that keeps growing. This is becoming a regular nuisance for residents.,Sanitation,Waste dumping,10.946536,76.990346,2026-08-10 13:56,ISSUE_0197,True
276,"Please fix the pothole at Vilankurichi, it's damaging vehicle tyres. Noticed it this morning while passing by.",Road,Pothole,11.013282,77.018719,2026-08-20 02:20,ISSUE_0017,True
277,There is no proper garbage pickup happening close to Race Course this month. It's a small issue but worth noting.,Sanitation,Garbage collection,10.998851,76.955698,2026-07-14 17:10,ISSUE_0162,True
278,A crater-like pothole has opened up along the stretch near Saravanampatti near the roadside. This is becoming a regular nuisance for residents.,Road,Pothole,11.071466,77.007359,2026-07-10 00:46,ISSUE_0018,True
279,Drivers are ignoring the malfunctioning signal in the Trichy Road locality and crossing anyhow. This has been the case for the past two days.,Road,Traffic signal,10.986946,77.012775,2026-08-07 07:44,ISSUE_0109,False
280,A blocked drain beside the Avinashi Road bus stop is causing water to stagnate near the shops. Noticed it this morning while passing by.,Drainage,Drain overflow,11.021811,77.000911,2026-08-06 19:31,ISSUE_0236,True
281,Truckloads of debris have been dumped in the Vellalore locality without any authorization. This has been the case for the past two days.,Sanitation,Waste dumping,10.946588,76.991202,2026-08-17 13:04,ISSUE_0197,True
282,"Water comes only late at night just outside Peelamedu Pudur, making it hard to store enough. This has been ignored despite earlier complaints. This has been the case for several days.",Water,Water supply,11.024699,77.036423,2026-08-19 21:08,ISSUE_0326,False
283,The road just outside Peelamedu has eroded badly after the recent rains. It is causing inconvenience to daily commuters.,Road,Road damage,11.028067,77.02649,2026-08-14 06:16,ISSUE_0047,True
284,There are exposed live wires hanging along the stretch near Kovaipudur which is very dangerous. Noticed it this morning while passing by.,Electricity,Electrical hazard,10.94361,76.917036,2026-07-18 00:45,ISSUE_0432,False
285,Power supply beside the Kavundampalayam Bypass bus stop keeps fluctuating before cutting off completely. This is unsafe and could lead to an accident. This has been the case for over a month now.,Electricity,Power outage,11.051331,76.945835,2026-08-17 10:07,ISSUE_0403,False
286,Loose gravel and broken tar cover the stretch near Thudiyalur.,Road,Road damage,11.080586,76.941747,2026-08-06 05:56,ISSUE_0051,True
287,"There's a strange odor coming from the water around the Kavundampalayam area, possibly sewage mixing in. Noticed it this morning while passing by.",Water,Water quality,11.049764,76.942315,2026-08-14 05:31,ISSUE_0340,True
288,This overflow in front of Vellalore keeps recurring every monsoon season. Noticed it this morning while passing by. This has been the case since yesterday.,Drainage,Drain overflow,10.945531,76.995557,2026-07-06 19:43,ISSUE_0221,True
289,Loose gravel and broken tar cover the stretch beside the Malumichampatti bus stop. This is unsafe and could lead to an accident.,Road,Road damage,10.92507,76.989972,2026-07-21 09:52,ISSUE_0044,True
290,Wastewater keeps overflowing along the stretch near Avinashi Road creating a foul smell.,Drainage,Drain overflow,11.021262,77.000923,2026-07-10 13:45,ISSUE_0236,True
291,"Someone needs to stop the dumping along the stretch near Vellalore, it's turning into a health hazard. Not a big problem yet, just flagging it.",Sanitation,Waste dumping,10.94699,76.990804,2026-07-22 02:08,ISSUE_0197,True
292,A damaged electrical box around the Podanur area is exposed and unsafe.,Electricity,Electrical hazard,10.968468,76.971478,2026-08-09 15:46,ISSUE_0409,True
293,"The road surface around the Ganapathy area is bumpy and uneven due to wear and tear. Children walk through this area every day, so it needs urgent attention.",Road,Road damage,11.038701,76.973218,2026-08-16 20:26,ISSUE_0055,False
294,"One side of the signal on the Uppilipalayam main road stays green far too long, blocking cross traffic. This has been ignored despite earlier complaints.",Road,Traffic signal,10.989834,77.023578,2026-07-16 01:35,ISSUE_0089,True
295,The drain near the junction in front of Ondipudur is choked with debris and overflowing. It's a small issue but worth noting.,Drainage,Drain overflow,11.004126,77.047057,2026-08-19 06:46,ISSUE_0228,True
296,Can someone look into the pothole at Eachanari? It's getting worse. This has been the case since last week.,Road,Pothole,10.952202,76.955676,2026-07-02 08:14,ISSUE_0008,True
297,The traffic light in the Uppilipalayam locality has been broken since the storm last week. Elderly residents are finding it especially difficult.,Road,Traffic signal,10.990031,77.022649,2026-07-26 19:31,ISSUE_0089,True
298,Several two-wheeler riders have complained about the pothole close to Podanur. Elderly residents are finding it especially difficult.,Road,Pothole,10.966811,76.971691,2026-07-12 10:43,ISSUE_0005,True
299,Collection at Kovaipudur used to be regular but has become very irregular lately.,Sanitation,Garbage collection,10.941921,76.91451,2026-07-08 03:27,ISSUE_0158,True
300,"There is a deep pothole near Avinashi Road that vehicles keep hitting. Not a big problem yet, just flagging it.",Road,Pothole,11.018331,77.001396,2026-07-23 05:27,ISSUE_0033,False
301,"Edges of the road around the Thudiyalur area are crumbling into the drain alongside. Not a big problem yet, just flagging it.",Road,Road damage,11.081512,76.941869,2026-07-18 00:06,ISSUE_0051,True
302,The water in front of Ukkadam smells like it might be mixing with sewage somewhere. The water smells bad and does not look fit for drinking.,Water,Water quality,10.991307,76.961731,2026-07-12 08:23,ISSUE_0337,True
303,Residents near Kalapatti have noticed a yellowish tint in the tap water. Many residents in the area are affected by this. This has been the case for the past two days.,Water,Water quality,11.071035,77.031789,2026-08-19 08:49,ISSUE_0342,True
304,Waste from nearby shops is being dumped around the Vellalore area instead of collected properly.,Sanitation,Waste dumping,10.946927,76.990913,2026-08-12 09:19,ISSUE_0197,True
305,Loose wires are dangling in the Sathyamangalam Road locality close to where people walk. This has been the case for the past two days.,Electricity,Electrical hazard,11.040369,77.037376,2026-07-18 18:16,ISSUE_0411,True
306,"Rainwater is not draining along the stretch near Rathinapuri, leaving the road waterlogged for days. This has been the case for a few weeks.",Drainage,Waterlogging,10.988752,76.944659,2026-07-19 09:02,ISSUE_0271,True
307,There's a bad smell in the drinking water at Pollachi Road. Several people in the area have noticed this.,Water,Water quality,10.933882,76.967384,2026-08-01 05:04,ISSUE_0341,True
308,A damaged electrical box beside the Kuniyamuthur bus stop is exposed and unsafe. It's a small issue but worth noting.,Electricity,Electrical hazard,10.970345,76.950074,2026-07-19 17:25,ISSUE_0404,True
309,Sparks were seen coming from an electric pole at Ramanathapuram yesterday. It's a small issue but worth noting.,Electricity,Electrical hazard,10.993658,76.984796,2026-07-11 00:59,ISSUE_0414,True
310,Electricity close to Vadavalli went out during the storm and hasn't returned. It is causing inconvenience to daily commuters.,Electricity,Power outage,11.019251,76.903682,2026-08-07 14:51,ISSUE_0374,True
311,The corner in the Ondipudur locality is filled with dumped waste that no one claims responsibility for. This has been the case for quite some time.,Sanitation,Waste dumping,11.004038,77.046645,2026-08-04 18:30,ISSUE_0208,False
312,"Electricity close to Ondipudur has been unstable, going off every few hours. This has been the case since the last heavy rain.",Electricity,Power outage,11.007039,77.044149,2026-08-09 05:12,ISSUE_0376,True
313,The road in the Neelambur locality is filled with knee-deep water right now. Elderly residents are finding it especially difficult.,Drainage,Waterlogging,11.000142,77.06591,2026-08-08 12:12,ISSUE_0265,True
314,People from outside the area are dumping trash just outside Trichy Road at night. Vehicles are getting damaged because of this.,Sanitation,Waste dumping,10.987885,77.005893,2026-08-05 00:09,ISSUE_0198,True
315,The open drain just outside Selvapuram has been overflowing since the last rain. It is causing inconvenience to daily commuters.,Drainage,Drain overflow,10.982447,76.933268,2026-07-14 04:33,ISSUE_0255,False
316,Roadside dumping at Vellalore has become a regular eyesore. This has been ignored despite earlier complaints.,Sanitation,Waste dumping,10.944897,76.990924,2026-07-02 16:10,ISSUE_0187,True
317,The waterlogging just outside Saibaba Colony is making it impossible for two-wheelers to pass. Noticed it this morning while passing by. This has been the case for quite some time.,Drainage,Waterlogging,11.018775,76.939208,2026-08-15 02:02,ISSUE_0266,True
318,The water supply timing beside the Gandhipuram bus stop keeps changing without any notice. This has been the case for over a month now.,Water,Water supply,11.014531,76.963889,2026-08-06 05:22,ISSUE_0310,True
319,The road close to Malumichampatti has developed ridges and dips that jolt every vehicle passing. It's a small issue but worth noting.,Road,Road damage,10.925326,76.98913,2026-07-06 11:01,ISSUE_0044,True
320,I nearly lost control of my bike because of a pothole in front of Race Course. It is causing inconvenience to daily commuters.,Road,Pothole,10.996812,76.957322,2026-07-20 23:45,ISSUE_0003,True
321,This water just outside Avinashi Road doesn't look safe to drink at all. This is becoming a regular nuisance for residents.,Water,Water quality,11.023283,77.001712,2026-08-05 06:47,ISSUE_0350,False
322,Water levels at Malumichampatti rose quickly during the storm and haven't gone down. This has been the case since the last heavy rain.,Drainage,Waterlogging,10.930314,76.984282,2026-07-06 10:57,ISSUE_0272,True
323,"The whole row of lights beside the Rathinapuri bus stop seems to be non-functional right now. Not a big problem yet, just flagging it.",Streetlight,Broken streetlight,10.987681,76.945321,2026-07-09 01:49,ISSUE_0116,True
324,Complaints about foul-smelling water at Ukkadam have increased this month.,Water,Water quality,10.991367,76.962003,2026-08-01 09:47,ISSUE_0337,True
325,"A pile of dumped waste has appeared just outside Chinniampalayam overnight. Not a big problem yet, just flagging it.",Sanitation,Waste dumping,11.085115,77.020556,2026-08-18 11:18,ISSUE_0207,False
326,The whole row of lights close to Rathinapuri seems to be non-functional right now. This is becoming a regular nuisance for residents.,Streetlight,Broken streetlight,10.990374,76.942931,2026-07-26 17:31,ISSUE_0121,True
327,The signal pole at Vadavalli looks damaged and the lights aren't lighting up.,Road,Traffic signal,11.021503,76.906528,2026-07-06 01:32,ISSUE_0077,True
328,"The transformer beside the Vadavalli Bridge bus stop seems to have tripped, cutting power to the area. This is a serious safety risk for everyone nearby.",Electricity,Power outage,11.025516,76.901868,2026-07-19 03:49,ISSUE_0380,True
329,"The red light near Selvapuram doesn't seem to turn green even after a long wait. Children walk through this area every day, so it needs urgent attention.",Road,Traffic signal,10.987666,76.936269,2026-08-13 14:13,ISSUE_0080,True
330,The streetlight near the park beside the Sowripalayam bus stop has been off for a long time. This is becoming a regular nuisance for residents.,Streetlight,Broken streetlight,11.001041,76.99235,2026-08-05 00:46,ISSUE_0126,True
331,Traffic lights just outside Malumichampatti are flickering and confusing drivers. It is causing inconvenience to daily commuters.,Road,Traffic signal,10.924616,76.983371,2026-08-09 11:53,ISSUE_0081,True
332,The cable near the pole around the Ukkadam area looks frayed and dangerous. It's a small issue but worth noting.,Electricity,Electrical hazard,10.992034,76.957297,2026-07-27 20:17,ISSUE_0427,False
333,Waste keeps piling up on the Mettupalayam Road main road because collection has stopped coming on schedule. Many residents in the area are affected by this.,Sanitation,Garbage collection,11.048056,76.948355,2026-07-24 03:30,ISSUE_0160,True
334,Waste from nearby shops is being dumped beside the Ukkadam bus stop instead of collected properly.,Sanitation,Waste dumping,10.991889,76.956304,2026-07-27 03:22,ISSUE_0195,True
335,"The supply line just outside Eachanari appears to have a leak, reducing pressure downstream. This has been the case for the past two days.",Water,Water supply,10.954284,76.956867,2026-07-09 17:49,ISSUE_0329,False
336,A streetlight near Selvapuram fell over after last week's winds and hasn't been reinstalled. It is causing inconvenience to daily commuters.,Streetlight,Broken streetlight,10.98647,76.931279,2026-07-23 23:21,ISSUE_0120,True
337,Sparking has been seen near the streetlight wiring on the Neelambur main road at night. Vehicles are getting damaged because of this.,Electricity,Electrical hazard,10.996737,77.067748,2026-07-11 11:52,ISSUE_0430,False
338,"Water pressure around the Sathyamangalam Road area has been extremely low this week. Children walk through this area every day, so it needs urgent attention.",Water,Water supply,11.038332,77.038732,2026-07-21 11:40,ISSUE_0324,False
339,An open junction box in front of Trichy Road has exposed wiring visible to anyone passing. It's a small issue but worth noting. This has been the case since yesterday.,Electricity,Electrical hazard,10.986389,77.006402,2026-08-04 20:33,ISSUE_0420,True
340,Vehicles are just going by instinct at Malumichampatti since the signal isn't working. This has been the case since last week.,Road,Traffic signal,10.924537,76.984611,2026-07-03 21:12,ISSUE_0081,True
341,We lost power just outside Singanallur hours ago and there's still no sign of restoration. This has been the case since yesterday.,Electricity,Power outage,11.004798,77.024392,2026-07-11 10:04,ISSUE_0384,False
342,"It's been two weeks and the garbage beside the Vilankurichi bus stop hasn't been touched. Children walk through this area every day, so it needs urgent attention.",Sanitation,Garbage collection,11.016518,77.016593,2026-08-11 22:27,ISSUE_0157,True
343,This overflow at Singanallur keeps recurring every monsoon season. Noticed it this morning while passing by.,Drainage,Drain overflow,10.999004,77.028331,2026-08-19 16:30,ISSUE_0222,True
344,There's a pile of household waste building up beside the Race Course bus stop. This is becoming a regular nuisance for residents.,Sanitation,Garbage collection,10.997988,76.955357,2026-07-05 12:25,ISSUE_0162,True
345,The road along the stretch near Kuniyamuthur has a large crater right in the middle of the lane.,Road,Pothole,10.966065,76.954921,2026-07-21 22:42,ISSUE_0038,False
346,We haven't received municipal water beside the Lakshmi Mills bus stop on the usual schedule. It is causing inconvenience to daily commuters.,Water,Water supply,11.006557,76.95192,2026-08-18 23:55,ISSUE_0321,False
347,The sewage line at Ram Nagar appears to have backed up and is overflowing. Sewage is overflowing directly onto the road.,Drainage,Drain overflow,11.00022,76.961461,2026-08-12 02:55,ISSUE_0225,True
348,Complaints about foul-smelling water at Kavundampalayam have increased this month.,Water,Water quality,11.050056,76.941998,2026-07-05 15:18,ISSUE_0340,True
349,No one has picked up the garbage beside the Mettupalayam Road bus stop in over a week. This is becoming a regular nuisance for residents.,Sanitation,Garbage collection,11.046064,76.948529,2026-07-08 02:02,ISSUE_0153,True
350,My scooter's suspension got damaged going over a pothole at Vadavalli Market. This has been the case for over a month now.,Road,Pothole,11.020397,76.905705,2026-08-20 20:59,ISSUE_0011,True
351,Electricity along the stretch near Sitra went out during the storm and hasn't returned. This is unsafe and could lead to an accident. This has been the case since yesterday.,Electricity,Power outage,10.972597,76.999816,2026-07-01 21:15,ISSUE_0378,True
352,This area near Neelambur always floods whenever there's heavy rain.,Drainage,Waterlogging,11.000343,77.065157,2026-07-24 05:24,ISSUE_0265,True
353,The electric meter box just outside Sathyamangalam Road is open and wires are visible.,Electricity,Electrical hazard,11.037504,77.03269,2026-07-26 22:30,ISSUE_0442,False
354,We are forced to buy bottled water because the tap water close to Sathyamangalam Road is unsafe. This has been the case since last week.,Water,Water quality,11.036873,77.037181,2026-07-17 09:04,ISSUE_0334,True
355,Truckloads of debris have been dumped beside the Rathinapuri bus stop without any authorization. Noticed it this morning while passing by.,Sanitation,Waste dumping,10.989105,76.945665,2026-07-17 19:37,ISSUE_0213,False
356,"Please fix the pothole around the Avinashi Road area, it's damaging vehicle tyres. Noticed it this morning while passing by.",Road,Pothole,11.023694,77.004792,2026-07-06 20:18,ISSUE_0012,True
357,Sparks were seen coming from an electric pole in the Saibaba Colony locality yesterday. Several people in the area have noticed this.,Electricity,Electrical hazard,11.014399,76.933476,2026-07-20 04:14,ISSUE_0410,True
358,Households near Vellalore are struggling without a consistent water supply. This has been the case for quite some time.,Water,Water supply,10.943711,76.990688,2026-07-28 01:47,ISSUE_0303,True
359,"Someone needs to stop the dumping around the Trichy Road area, it's turning into a health hazard. Several people in the area have noticed this.",Sanitation,Waste dumping,10.987299,77.006895,2026-08-04 11:44,ISSUE_0198,True
360,The bulb in the Sitra locality seems to have burnt out and no one has replaced it.,Streetlight,Broken streetlight,10.971946,76.995637,2026-07-22 14:55,ISSUE_0117,True
361,Residents in front of Kuniyamuthur have been asking for the streetlight to be repaired for weeks.,Streetlight,Broken streetlight,10.972001,76.949287,2026-07-27 20:44,ISSUE_0140,False
362,This junction's signal just outside Podanur has been unreliable for days now. Vehicles are getting damaged because of this.,Road,Traffic signal,10.969449,76.97686,2026-07-30 02:54,ISSUE_0106,False
363,There's visible road erosion close to Trichy Road near the shoulder.,Road,Road damage,10.989016,77.010003,2026-07-15 14:12,ISSUE_0049,True
364,Traffic lights at Kavundampalayam Bypass are flickering and confusing drivers.,Road,Traffic signal,11.053608,76.948492,2026-08-06 08:58,ISSUE_0085,True
365,There is no proper garbage pickup happening on the Vilankurichi main road this month. It's a small issue but worth noting.,Sanitation,Garbage collection,11.01651,77.017261,2026-07-23 18:26,ISSUE_0157,True
366,The waste collection truck hasn't come just outside Avinashi Road this week at all. Elderly residents are finding it especially difficult.,Sanitation,Garbage collection,11.021449,77.002971,2026-07-09 21:27,ISSUE_0154,True
367,There was a burning smell near the transformer near Trichy Road this evening. It is causing inconvenience to daily commuters. This has been the case since yesterday.,Electricity,Electrical hazard,10.984448,77.008704,2026-08-02 03:52,ISSUE_0406,True
368,Residents beside the Vadavalli bus stop say the pothole has been ignored for weeks. It is causing inconvenience to daily commuters.,Road,Pothole,11.021253,76.905989,2026-07-03 20:37,ISSUE_0006,True
369,"There's a strange odor coming from the water beside the Peelamedu bus stop, possibly sewage mixing in.",Water,Water quality,11.027704,77.026116,2026-07-13 18:04,ISSUE_0344,True
370,"The junction close to Vellalore has no working signal, causing confusion at peak hours. This has been the case for the past two days.",Road,Traffic signal,10.946589,76.99484,2026-07-29 03:39,ISSUE_0101,False
371,"A big hole has formed on the road in front of Sathyamangalam Road, making it risky to drive over.",Road,Pothole,11.036847,77.032093,2026-08-12 14:28,ISSUE_0004,True
372,Taps near Gandhipuram have been running dry since yesterday. Noticed it this morning while passing by.,Water,Water supply,11.015319,76.965045,2026-08-13 01:47,ISSUE_0310,True
373,"Electricity close to Sowripalayam has been unstable, going off every few hours.",Electricity,Power outage,11.00172,76.993089,2026-07-01 22:42,ISSUE_0373,True
374,"The underground drain at Hopes College seems blocked, water is coming up onto the street. It is causing inconvenience to daily commuters. This has been the case for over a month now.",Drainage,Drain overflow,11.009911,76.943713,2026-07-17 01:11,ISSUE_0224,True
375,Storm water drains around the Vellalore area are blocked and overflowing. This has been the case since last week.,Drainage,Drain overflow,10.945714,76.995625,2026-08-17 14:46,ISSUE_0221,True
376,"There has been no water supply on the Town Hall main road for the past two days. Not a big problem yet, just flagging it.",Water,Water supply,10.994561,76.964707,2026-07-17 06:01,ISSUE_0298,True
377,The garbage van skipped our street in front of Mettupalayam Road again this week. Many residents in the area are affected by this.,Sanitation,Garbage collection,11.04838,76.949268,2026-08-18 14:30,ISSUE_0160,True
378,Loose wires are dangling in the Podanur locality close to where people walk.,Electricity,Electrical hazard,10.96762,76.971684,2026-08-09 06:27,ISSUE_0409,True
379,Drain water near Ram Nagar has been overflowing onto the road for days. It's a small issue but worth noting. This has been the case for several days.,Drainage,Drain overflow,10.999575,76.961036,2026-07-19 02:10,ISSUE_0225,True
380,"The traffic signal just outside Vadavalli went completely dark this evening. Vehicles are moving in all directions with no signal control, it's chaotic.",Road,Traffic signal,11.022457,76.903497,2026-07-28 03:47,ISSUE_0078,True
381,Commuters along the stretch near Sitra are relying on vehicle headlights since there's no street lighting. It's a small issue but worth noting.,Streetlight,Broken streetlight,10.972424,76.995428,2026-07-09 19:15,ISSUE_0117,True
382,The corporation water hasn't arrived along the stretch near Town Hall for three days straight. This has been ignored despite earlier complaints.,Water,Water supply,10.994923,76.964357,2026-07-28 06:33,ISSUE_0298,True
383,Uncollected waste beside the Vellalore bus stop is starting to smell and attract stray animals. It's a small issue but worth noting.,Sanitation,Garbage collection,10.946319,76.995795,2026-07-14 20:54,ISSUE_0151,True
384,"People are dumping garbage on the empty plot just outside Lakshmi Mills regularly. Not a big problem yet, just flagging it. This has been the case for a few weeks.",Sanitation,Waste dumping,11.006179,76.955233,2026-08-01 19:58,ISSUE_0186,True
385,Bins around the Hopes College area are full and spilling onto the footpath. This is becoming a regular nuisance for residents.,Sanitation,Garbage collection,11.006286,76.943518,2026-07-15 17:53,ISSUE_0161,True
386,"The streetlight wiring just outside Vadavalli looks damaged, possibly why it isn't lighting.",Streetlight,Broken streetlight,11.01926,76.903379,2026-08-15 17:29,ISSUE_0114,True
387,"There's a complete blackout at Podanur since the afternoon. Not a big problem yet, just flagging it.",Electricity,Power outage,10.966225,76.973382,2026-07-17 20:18,ISSUE_0377,True
388,The road in the Peelamedu locality has eroded badly after the recent rains. This is becoming a regular nuisance for residents.,Road,Road damage,11.03013,77.024918,2026-08-10 22:27,ISSUE_0046,True
389,A pile of dumped waste has appeared in front of Sowripalayam overnight. Several people in the area have noticed this.,Sanitation,Waste dumping,11.002155,76.991538,2026-07-28 08:01,ISSUE_0185,True
390,Residents along the stretch near Rathinapuri have been asking for the streetlight to be repaired for weeks. This has been ignored despite earlier complaints.,Streetlight,Broken streetlight,10.990409,76.942451,2026-07-28 04:43,ISSUE_0121,True
391,Residents on the Vadavalli Market main road are dealing with overflow from a blocked drain.,Drainage,Drain overflow,11.02109,76.909387,2026-07-19 16:42,ISSUE_0234,True
392,The color of the water around the Peelamedu area changes between clear and brownish. This is becoming a regular nuisance for residents.,Water,Water quality,11.027092,77.026244,2026-08-19 00:54,ISSUE_0344,True
393,"This road beside the Selvapuram bus stop badly needs repaving, it's falling apart bit by bit. It is causing inconvenience to daily commuters.",Road,Road damage,10.984691,76.935626,2026-07-10 23:26,ISSUE_0062,False
394,"Traffic lights beside the Chinniampalayam bus stop are flickering and confusing drivers. Not a big problem yet, just flagging it.",Road,Traffic signal,11.088771,77.018209,2026-07-13 17:43,ISSUE_0082,True
395,The surface in the Malumichampatti locality is patchy with old repairs breaking down again. This is unsafe and could lead to an accident.,Road,Road damage,10.926127,76.990427,2026-08-08 11:55,ISSUE_0044,True
396,"One side of the signal around the Kuniyamuthur area stays green far too long, blocking cross traffic. Many residents in the area are affected by this.",Road,Traffic signal,10.968343,76.952634,2026-07-08 22:42,ISSUE_0083,True
397,There is no proper garbage pickup happening on the Ondipudur Bypass main road this month. Noticed it this morning while passing by. This has been the case since last week.,Sanitation,Garbage collection,11.006519,77.050466,2026-07-07 01:39,ISSUE_0175,False
398,My scooter's suspension got damaged going over a pothole along the stretch near Sathyamangalam Road. It is causing inconvenience to daily commuters.,Road,Pothole,11.043303,77.032145,2026-08-12 08:21,ISSUE_0035,False
399,Chunks of the road at Chinniampalayam have crumbled away leaving an uneven surface. It's a small issue but worth noting.,Road,Road damage,11.086026,77.016771,2026-07-06 18:50,ISSUE_0043,True
400,A streetlight beside the Vadavalli bus stop fell over after last week's winds and hasn't been reinstalled. It's a small issue but worth noting.,Streetlight,Broken streetlight,11.023575,76.90594,2026-08-05 18:17,ISSUE_0131,False
401,"The electric pole at Ondipudur looks tilted and unstable, possibly a hazard.",Electricity,Electrical hazard,11.005552,77.046382,2026-07-24 16:35,ISSUE_0408,True
402,Residents close to Thudiyalur have noticed a yellowish tint in the tap water. Several people in the area have noticed this.,Water,Water quality,11.081301,76.940899,2026-07-08 17:15,ISSUE_0343,True
403,Chunks of the road beside the Trichy Road bus stop have crumbled away leaving an uneven surface. Several people in the area have noticed this.,Road,Road damage,10.985192,77.012145,2026-07-28 05:41,ISSUE_0061,False
404,Drain water along the stretch near Ondipudur has been overflowing onto the road for days.,Drainage,Drain overflow,11.004635,77.047882,2026-07-06 23:21,ISSUE_0228,True
405,A pile of dumped waste has appeared along the stretch near Vadavalli Bridge overnight. It is causing inconvenience to daily commuters.,Sanitation,Waste dumping,11.023442,76.902285,2026-07-04 13:44,ISSUE_0192,True
406,The bulb just outside Kalapatti seems to have burnt out and no one has replaced it. It is causing inconvenience to daily commuters.,Streetlight,Broken streetlight,11.073503,77.03122,2026-08-13 18:01,ISSUE_0125,True
407,Loose wires are dangling around the Trichy Road area close to where people walk. This is becoming a regular nuisance for residents.,Electricity,Electrical hazard,10.985352,77.007903,2026-07-20 13:23,ISSUE_0406,True
408,"Sparks flew from a transformer on the Eachanari main road during the rain, which was alarming. Elderly residents are finding it especially difficult.",Electricity,Electrical hazard,10.954036,76.954893,2026-07-19 01:47,ISSUE_0413,True
409,There's a hole in the road surface close to Kuniyamuthur that's been there for a while. It's a small issue but worth noting.,Road,Pothole,10.96682,76.951508,2026-08-11 21:32,ISSUE_0010,True
410,"The supply line beside the Vellalore bus stop appears to have a leak, reducing pressure downstream. This has been the case for over a month now.",Water,Water supply,10.944276,76.991644,2026-07-20 02:28,ISSUE_0301,True
411,The bulb in front of Selvapuram seems to have burnt out and no one has replaced it. This has been the case for over a month now.,Streetlight,Broken streetlight,10.986373,76.933827,2026-08-16 18:30,ISSUE_0144,False
412,A blocked drain in front of Singanallur is causing water to stagnate near the shops. It is causing inconvenience to daily commuters.,Drainage,Drain overflow,11.002723,77.025475,2026-08-20 20:24,ISSUE_0233,True
413,"Please fix the pothole in the Podanur locality, it's damaging vehicle tyres. This has been the case for over a month now.",Road,Pothole,10.966109,76.972084,2026-08-18 06:34,ISSUE_0005,True
414,The whole neighborhood in front of Ganapathy lost power after a loud noise from the transformer. It's a small issue but worth noting. This has been the case for quite some time.,Electricity,Power outage,11.036575,76.967863,2026-07-10 03:55,ISSUE_0370,True
415,The waterlogging at Kuniyamuthur is making it impossible for two-wheelers to pass.,Drainage,Waterlogging,10.969943,76.953632,2026-07-11 02:21,ISSUE_0287,False
416,"There's no signal control close to Uppilipalayam at all, it seems to have shut down.",Road,Traffic signal,10.989388,77.022957,2026-07-26 07:47,ISSUE_0089,True
417,No water has reached the taps along the stretch near Kovaipudur since the pipeline work started. This has been the case for over a month now.,Water,Water supply,10.944199,76.914978,2026-07-01 21:08,ISSUE_0302,True
418,The surface around the Peelamedu area is patchy with old repairs breaking down again.,Road,Road damage,11.030395,77.024205,2026-08-01 06:15,ISSUE_0046,True
419,Trash is spilling out of the bins in front of Sitra onto the road. This is becoming a regular nuisance for residents.,Sanitation,Garbage collection,10.97734,76.9974,2026-08-02 01:39,ISSUE_0182,False
420,The streetlight near Sundarapuram has stopped working and the area is very dark at night. It is causing inconvenience to daily commuters.,Streetlight,Broken streetlight,10.97702,76.965379,2026-07-19 04:41,ISSUE_0139,False
421,"Vehicles are just going by instinct close to Kavundampalayam Bypass since the signal isn't working. Not a big problem yet, just flagging it.",Road,Traffic signal,11.048057,76.945567,2026-07-13 11:33,ISSUE_0091,False
422,Residents in front of Thudiyalur have noticed a yellowish tint in the tap water. Several people in the area have noticed this.,Water,Water quality,11.078258,76.945932,2026-07-04 09:43,ISSUE_0347,False
423,The culvert in front of Ganapathy Bus Stand is clogged and water is spilling over the road. This has been the case since yesterday.,Drainage,Drain overflow,11.036163,76.966305,2026-07-14 23:17,ISSUE_0229,True
424,"Cracks have widened over time on the road near Podanur, it needs resurfacing. Elderly residents are finding it especially difficult.",Road,Road damage,10.968799,76.974519,2026-08-06 19:28,ISSUE_0045,True
425,Trash is spilling out of the bins close to Eachanari onto the road.,Sanitation,Garbage collection,10.949578,76.95253,2026-08-01 16:25,ISSUE_0156,True
426,The supply close to Pollachi Road tripped again after being restored just an hour ago. Elderly residents are finding it especially difficult.,Electricity,Power outage,10.933817,76.970948,2026-07-08 02:42,ISSUE_0389,False
427,"There's no signal control close to Kurichi at all, it seems to have shut down.",Road,Traffic signal,10.965701,76.969137,2026-07-14 21:32,ISSUE_0099,False
428,Residents at Kalapatti are frustrated with the inconsistent garbage pickup. This has been the case since the last heavy rain.,Sanitation,Garbage collection,11.07285,77.031391,2026-07-30 12:54,ISSUE_0167,False
429,"Residents near Kavundampalayam have noticed a yellowish tint in the tap water. Not a big problem yet, just flagging it.",Water,Water quality,11.050511,76.942109,2026-07-19 02:42,ISSUE_0340,True
430,This drain just outside Selvapuram hasn't been cleaned in a long time and is now overflowing. Several people in the area have noticed this.,Drainage,Drain overflow,10.982215,76.936131,2026-07-06 03:18,ISSUE_0238,False
431,"Rainwater is not draining around the Kurichi area, leaving the road waterlogged for days. Not a big problem yet, just flagging it.",Drainage,Waterlogging,10.962091,76.969022,2026-07-30 21:31,ISSUE_0281,False
432,The street near Avinashi Road looks unhygienic due to missed garbage collection.,Sanitation,Garbage collection,11.021878,77.002864,2026-08-03 17:06,ISSUE_0154,True
433,Can someone look into the pothole along the stretch near Saravanampatti? It's getting worse. This has been the case since the last heavy rain.,Road,Pothole,11.071993,77.007152,2026-07-09 07:19,ISSUE_0018,True
434,People around the Ukkadam area are falling sick after drinking the tap water.,Water,Water quality,10.990666,76.961563,2026-07-21 19:44,ISSUE_0337,True
435,People just outside Kavundampalayam are avoiding the footpath because of overflowing drain water. This is becoming a regular nuisance for residents.,Drainage,Drain overflow,11.046609,76.944687,2026-07-03 00:34,ISSUE_0240,False
436,There's been an unscheduled power cut near Vellalore for hours together. It's a small issue but worth noting.,Electricity,Power outage,10.947252,76.996012,2026-08-04 12:47,ISSUE_0396,False
437,"The streetlight wiring in front of Ramanathapuram looks damaged, possibly why it isn't lighting. Not a big problem yet, just flagging it. This has been the case for quite some time.",Streetlight,Broken streetlight,10.994018,76.981428,2026-07-15 02:10,ISSUE_0145,False
438,"Complaints about foul-smelling water in the Ukkadam locality have increased this month. Not a big problem yet, just flagging it.",Water,Water quality,10.990429,76.960894,2026-08-16 17:54,ISSUE_0337,True
439,The whole neighborhood along the stretch near Sitra lost power after a loud noise from the transformer. Several people in the area have noticed this.,Electricity,Power outage,10.97308,76.998671,2026-07-02 13:59,ISSUE_0378,True
440,There's been an unscheduled power cut on the Vadavalli main road for hours together.,Electricity,Power outage,11.019168,76.902525,2026-07-19 17:46,ISSUE_0374,True
441,Sparks were seen coming from an electric pole beside the Trichy Road bus stop yesterday. This has been the case for over a month now.,Electricity,Electrical hazard,10.98758,77.005777,2026-08-08 04:34,ISSUE_0420,True
442,Vehicles are just going by instinct just outside Kuniyamuthur since the signal isn't working. It's a small issue but worth noting.,Road,Traffic signal,10.968021,76.954058,2026-07-23 02:16,ISSUE_0083,True
443,"The pipeline near Uppilipalayam seems to have an interruption, no water is coming through.",Water,Water supply,10.985432,77.024397,2026-07-10 08:33,ISSUE_0306,True
444,"The road around the Sathyamangalam Road area is filled with knee-deep water right now. Not a big problem yet, just flagging it.",Drainage,Waterlogging,11.040069,77.035035,2026-07-22 06:36,ISSUE_0275,False
445,Drivers are ignoring the malfunctioning signal just outside Selvapuram and crossing anyhow. It is causing inconvenience to daily commuters.,Road,Traffic signal,10.987504,76.935555,2026-08-08 00:12,ISSUE_0080,True
446,The road surface along the stretch near Uppilipalayam is bumpy and uneven due to wear and tear. This needs to be fixed immediately before someone gets hurt.,Road,Road damage,10.985105,77.020659,2026-08-11 20:09,ISSUE_0066,False
447,People are dumping garbage on the empty plot close to Vadavalli Bridge regularly. Vehicles are getting damaged because of this.,Sanitation,Waste dumping,11.023566,76.901465,2026-08-11 07:04,ISSUE_0192,True
448,Taps along the stretch near Kurichi have been running dry since yesterday. Noticed it this morning while passing by.,Water,Water supply,10.96578,76.96496,2026-08-04 04:00,ISSUE_0331,False
449,This drain close to RS Puram hasn't been cleaned in a long time and is now overflowing.,Drainage,Drain overflow,11.002443,76.953172,2026-08-03 01:56,ISSUE_0251,False
450,Residents on the Pollachi Road main road have noticed a yellowish tint in the tap water.,Water,Water quality,10.934158,76.967942,2026-07-17 13:02,ISSUE_0341,True
451,The entire road close to Ganapathy Bus Stand is underwater following last night's rain. This has been the case since last week.,Drainage,Waterlogging,11.039055,76.969277,2026-08-13 16:15,ISSUE_0264,True
452,Cars are slowing down suddenly in the Rathinapuri locality to avoid a deep pothole. This is a serious safety risk for everyone nearby.,Road,Pothole,10.990648,76.943264,2026-08-09 00:19,ISSUE_0014,True
453,Residents at Kurichi have noticed a yellowish tint in the tap water. Noticed it this morning while passing by.,Water,Water quality,10.963595,76.970756,2026-08-04 08:47,ISSUE_0366,False
454,There's visible road erosion in front of Ondipudur Bypass near the shoulder. This needs to be fixed immediately before someone gets hurt.,Road,Road damage,11.012166,77.048156,2026-07-08 04:38,ISSUE_0069,False
455,Residents beside the Ganapathy bus stop are relying on tankers because the supply has stopped. Several people in the area have noticed this.,Water,Water supply,11.033983,76.966847,2026-08-13 19:08,ISSUE_0309,True
456,We've had frequent power cuts beside the Sathyamangalam Road bus stop throughout the week. It is causing inconvenience to daily commuters.,Electricity,Power outage,11.041753,77.035095,2026-08-08 13:40,ISSUE_0371,True
457,A broken electrical fixture on the Eachanari main road is sparking intermittently.,Electricity,Electrical hazard,10.95387,76.955397,2026-08-19 11:06,ISSUE_0413,True
458,There are exposed live wires hanging just outside Ganapathy which is very dangerous.,Electricity,Electrical hazard,11.033953,76.968719,2026-07-13 13:38,ISSUE_0441,False
459,The drain outlet around the Sundarapuram area is blocked with plastic waste causing an overflow. This has been ignored despite earlier complaints.,Drainage,Drain overflow,10.972066,76.969707,2026-08-19 08:58,ISSUE_0226,True
460,The whole row of lights close to RS Puram seems to be non-functional right now. This has been the case since last week.,Streetlight,Broken streetlight,11.004237,76.951171,2026-08-19 19:33,ISSUE_0124,True
461,Traffic has come to a halt just outside Saravanampatti due to flooded streets.,Drainage,Waterlogging,11.074385,77.006442,2026-07-03 02:10,ISSUE_0260,True
462,Unauthorized dumping close to Chinniampalayam has been happening for weeks now.,Sanitation,Waste dumping,11.086936,77.015151,2026-07-10 09:38,ISSUE_0217,False
463,"A fallen wire at Eachanari is lying across the footpath unattended. Not a big problem yet, just flagging it.",Electricity,Electrical hazard,10.953578,76.954837,2026-08-08 16:07,ISSUE_0413,True
464,The streetlight near the park on the Vilankurichi main road has been off for a long time. This is becoming a regular nuisance for residents.,Streetlight,Broken streetlight,11.01077,77.015707,2026-07-01 19:13,ISSUE_0148,False
465,Water supply at Vadavalli used to be daily but has now become erratic. Noticed it this morning while passing by.,Water,Water supply,11.017205,76.900983,2026-08-13 06:05,ISSUE_0311,False
466,The water beside the Uppilipalayam bus stop smells like it might be mixing with sewage somewhere.,Water,Water quality,10.985288,77.026709,2026-08-01 01:49,ISSUE_0349,False
467,The streetlight at Ramanathapuram was damaged in a storm and hasn't been fixed.,Streetlight,Broken streetlight,10.994494,76.984466,2026-07-16 19:49,ISSUE_0113,True
468,The streetlight near the park along the stretch near Kalapatti has been off for a long time. This has been the case since last week.,Streetlight,Broken streetlight,11.072643,77.030667,2026-07-11 08:40,ISSUE_0125,True
469,"The whole street close to Kalapatti has been without power since last night. Children walk through this area every day, so it needs urgent attention.",Electricity,Power outage,11.072123,77.031863,2026-08-15 12:22,ISSUE_0391,False
470,"The light along the stretch near Kalapatti flickers on and off intermittently, never staying lit. Several people in the area have noticed this.",Streetlight,Broken streetlight,11.072812,77.030794,2026-07-16 04:20,ISSUE_0125,True
471,Two-wheelers are stalling in the standing water at Vellalore. Vehicles are getting damaged because of this.,Drainage,Waterlogging,10.945608,76.996045,2026-08-19 00:33,ISSUE_0268,True
472,The water near Ondipudur smells like it might be mixing with sewage somewhere.,Water,Water quality,11.003606,77.043494,2026-07-01 12:52,ISSUE_0338,True
473,The damaged stretch just outside Podanur is especially hard to navigate after rain. It's a small issue but worth noting.,Road,Road damage,10.968753,76.974888,2026-07-07 13:27,ISSUE_0045,True
474,Residents around the Vadavalli Bridge area are without electricity and haven't gotten an update. This has been the case since yesterday.,Electricity,Power outage,11.02522,76.902349,2026-08-15 16:37,ISSUE_0380,True
475,There is a deep pothole at Vadavalli that vehicles keep hitting.,Road,Pothole,11.022783,76.902048,2026-07-11 09:53,ISSUE_0015,True
476,There's been an irregular water supply on the Vellalore main road for over a week now. This has been the case for the past two days.,Water,Water supply,10.943746,76.989357,2026-07-30 17:50,ISSUE_0303,True
477,Water levels in the Saravanampatti locality rose quickly during the storm and haven't gone down. This has been the case since the last heavy rain.,Drainage,Waterlogging,11.075781,77.004185,2026-07-05 17:17,ISSUE_0290,False
478,The red light around the Selvapuram area doesn't seem to turn green even after a long wait. Noticed it this morning while passing by.,Road,Traffic signal,10.988277,76.935717,2026-07-31 17:25,ISSUE_0080,True
479,Water supply just outside Hopes College used to be daily but has now become erratic. Noticed it this morning while passing by.,Water,Water supply,11.005988,76.943073,2026-07-06 12:08,ISSUE_0297,True
480,The vacant land just outside Trichy Road has turned into an unofficial dumping ground.,Sanitation,Waste dumping,10.988238,77.007081,2026-07-17 08:46,ISSUE_0198,True
481,The road around the Chinniampalayam area has developed ridges and dips that jolt every vehicle passing. It is causing inconvenience to daily commuters.,Road,Road damage,11.085707,77.017573,2026-08-17 11:07,ISSUE_0043,True
482,The water supply timing in front of Town Hall keeps changing without any notice. This has been the case since the last heavy rain.,Water,Water supply,10.995128,76.964329,2026-08-09 02:20,ISSUE_0298,True
483,This low point in the Malumichampatti locality collects rainwater and takes days to dry up.,Drainage,Waterlogging,10.930152,76.985227,2026-07-28 16:48,ISSUE_0272,True
484,Power outages just outside Singanallur are happening almost every other day now.,Electricity,Power outage,11.002526,77.026426,2026-08-05 12:52,ISSUE_0368,True
485,Drivers are ignoring the malfunctioning signal near RS Puram and crossing anyhow.,Road,Traffic signal,11.006699,76.94611,2026-07-27 01:50,ISSUE_0098,False
486,The quality of drinking water just outside Kalapatti needs to be tested urgently. This has been the case for several days.,Water,Water quality,11.072327,77.030875,2026-07-25 11:11,ISSUE_0342,True
487,The tar layer in front of Kalapatti has peeled off exposing the base layer beneath.,Road,Road damage,11.073618,77.030809,2026-07-13 15:22,ISSUE_0054,True
488,"This road in front of Singanallur badly needs repaving, it's falling apart bit by bit. This is a serious safety risk for everyone nearby.",Road,Road damage,11.00305,77.0241,2026-07-19 03:43,ISSUE_0072,False
489,The electric meter box in the Ram Nagar locality is open and wires are visible. This has been the case since the last heavy rain.,Electricity,Electrical hazard,10.999946,76.961911,2026-07-29 09:59,ISSUE_0416,True
490,The open plot on the Vellalore main road has become a dumping site for old furniture and debris. Several people in the area have noticed this. This has been the case for a few weeks.,Sanitation,Waste dumping,10.944246,76.993961,2026-08-10 09:26,ISSUE_0196,True
491,Construction vehicles have worsened the already damaged road along the stretch near Kalapatti. It's a small issue but worth noting.,Road,Road damage,11.074147,77.031925,2026-08-10 12:21,ISSUE_0054,True
492,The tap water beside the Pollachi Road bus stop has visible particles floating in it. Noticed it this morning while passing by. This has been the case since the last heavy rain.,Water,Water quality,10.93272,76.967524,2026-07-24 03:15,ISSUE_0336,True
493,The road around the Vellalore area has developed ridges and dips that jolt every vehicle passing. This is becoming a regular nuisance for residents. This has been the case since last week.,Road,Road damage,10.947169,76.994639,2026-08-19 10:37,ISSUE_0068,False
494,Garbage bags are being thrown around the Selvapuram area instead of using the designated bins.,Sanitation,Waste dumping,10.988854,76.935724,2026-07-12 05:53,ISSUE_0193,True
495,The road on the Peelamedu Pudur main road is flooded again and vehicles are struggling to cross. This has been the case for quite some time.,Drainage,Waterlogging,11.025733,77.03519,2026-07-07 03:35,ISSUE_0274,True
496,Rainwater has pooled on the Saibaba Colony main road and isn't draining away.,Drainage,Waterlogging,11.018212,76.938142,2026-07-07 23:11,ISSUE_0266,True
497,The electric meter box beside the Saibaba Colony bus stop is open and wires are visible. This has been the case for a few weeks.,Electricity,Electrical hazard,11.014569,76.933436,2026-07-25 22:13,ISSUE_0410,True
498,The road close to Race Course is filled with knee-deep water right now. Noticed it this morning while passing by.,Drainage,Waterlogging,10.995484,76.956818,2026-08-18 12:59,ISSUE_0273,True
499,Water levels beside the Kuniyamuthur bus stop rose quickly during the storm and haven't gone down.,Drainage,Waterlogging,10.970553,76.951952,2026-07-16 23:26,ISSUE_0288,False
500,"Chunks of the road near Kavundampalayam Bypass have crumbled away leaving an uneven surface. Not a big problem yet, just flagging it. This has been the case for several days.",Road,Road damage,11.04923,76.948376,2026-08-19 04:04,ISSUE_0042,True
501,The supplied water beside the Thudiyalur bus stop appears contaminated with sediment.,Water,Water quality,11.080808,76.941476,2026-07-23 04:36,ISSUE_0343,True
502,"Residents along the stretch near Mettupalayam Road are frustrated with the inconsistent garbage pickup. Not a big problem yet, just flagging it.",Sanitation,Garbage collection,11.045192,76.947423,2026-08-02 21:09,ISSUE_0153,True
503,"Rainwater is not draining near Uppilipalayam, leaving the road waterlogged for days. This has been the case for quite some time.",Drainage,Waterlogging,10.988,77.024929,2026-08-06 11:15,ISSUE_0259,True
504,Construction vehicles have worsened the already damaged road just outside Ram Nagar. It's a small issue but worth noting.,Road,Road damage,11.003205,76.966753,2026-07-16 01:37,ISSUE_0048,True
505,This water in the Pollachi Road locality doesn't look safe to drink at all.,Water,Water quality,10.932705,76.968382,2026-08-09 11:16,ISSUE_0336,True
506,The sewage line close to Sundarapuram appears to have backed up and is overflowing. This has been the case for the past two days.,Drainage,Drain overflow,10.972458,76.96965,2026-08-03 03:08,ISSUE_0226,True
507,"Someone needs to stop the dumping in the Trichy Road locality, it's turning into a health hazard. It's a small issue but worth noting.",Sanitation,Waste dumping,10.987225,77.007034,2026-07-05 20:03,ISSUE_0198,True
508,There's a live wire lying on the ground along the stretch near Vilankurichi.,Electricity,Electrical hazard,11.01145,77.017735,2026-08-09 14:12,ISSUE_0433,False
509,Flies and stray dogs are gathering around the uncollected waste around the Vellalore area. This has been the case for a few weeks.,Sanitation,Garbage collection,10.945658,76.995039,2026-08-09 16:43,ISSUE_0151,True
510,We haven't received municipal water along the stretch near Ganapathy on the usual schedule. Elderly residents are finding it especially difficult.,Water,Water supply,11.032568,76.967975,2026-07-28 07:51,ISSUE_0309,True
511,Water supply close to Malumichampatti has become unpredictable over the last month. Many residents in the area are affected by this. This has been the case for a few weeks.,Water,Water supply,10.927325,76.984947,2026-07-26 12:27,ISSUE_0316,False
512,A broken electrical fixture around the Kavundampalayam area is sparking intermittently. Vehicles are getting damaged because of this.,Electricity,Electrical hazard,11.046971,76.945529,2026-07-02 19:45,ISSUE_0415,True
513,"Please fix the pothole near Sowripalayam, it's damaging vehicle tyres.",Road,Pothole,11.003339,76.993591,2026-07-19 01:15,ISSUE_0016,True
514,The junction box just outside Kavundampalayam has been left open with live connections inside. This has been the case since yesterday.,Electricity,Electrical hazard,11.047056,76.945875,2026-07-23 12:15,ISSUE_0415,True
515,Bikers keep swerving near Race Course because of a hidden pothole. Many residents in the area are affected by this.,Road,Pothole,10.995973,76.956327,2026-07-29 15:25,ISSUE_0003,True
516,Water supply on the Sitra main road has become unpredictable over the last month.,Water,Water supply,10.974384,76.999056,2026-08-16 16:12,ISSUE_0299,True
517,There is no proper garbage pickup happening just outside Eachanari this month.,Sanitation,Garbage collection,10.95194,76.95107,2026-08-11 19:11,ISSUE_0150,True
518,Household waste near Avinashi Road is accumulating since the collection schedule was disrupted.,Sanitation,Garbage collection,11.021764,77.002217,2026-07-01 15:42,ISSUE_0154,True
519,Several streetlights beside the Sowripalayam bus stop are not lighting up after sunset. This has been the case since last week.,Streetlight,Broken streetlight,11.000936,76.994956,2026-07-07 14:26,ISSUE_0115,True
520,Residents near Vadavalli Market have noticed a yellowish tint in the tap water. Several households have complained of stomach issues after drinking this water.,Water,Water quality,11.018941,76.904675,2026-07-17 13:58,ISSUE_0339,True
521,Power has gone off just outside Singanallur multiple times today. Elderly residents are finding it especially difficult.,Electricity,Power outage,11.001784,77.02759,2026-07-12 07:50,ISSUE_0368,True
522,The streetlight close to Kalapatti has stopped working and the area is very dark at night. This has been the case for over a month now.,Streetlight,Broken streetlight,11.072716,77.031557,2026-08-16 13:34,ISSUE_0125,True
523,"The light close to Saibaba Colony flickers on and off intermittently, never staying lit. This has been the case for quite some time.",Streetlight,Broken streetlight,11.02008,76.936096,2026-08-13 04:44,ISSUE_0119,True
524,The bulb along the stretch near Sowripalayam seems to have burnt out and no one has replaced it. Vehicles are getting damaged because of this.,Streetlight,Broken streetlight,10.999726,76.993951,2026-07-20 21:59,ISSUE_0115,True
525,Edges of the road in front of Town Hall are crumbling into the drain alongside. Noticed it this morning while passing by.,Road,Road damage,10.992703,76.963163,2026-07-22 15:07,ISSUE_0050,True
526,The junction near Ramanathapuram turns into a small lake after every monsoon shower.,Drainage,Waterlogging,10.995603,76.985199,2026-08-16 21:52,ISSUE_0270,True
527,The smell from the overflowing drain on the Ondipudur main road is unbearable. This has been ignored despite earlier complaints. This has been the case for quite some time.,Drainage,Drain overflow,11.00445,77.04734,2026-08-18 09:57,ISSUE_0228,True
528,The overhead tank on the Town Hall main road isn't filling properly due to supply issues. This needs to be fixed immediately before someone gets hurt.,Water,Water supply,10.995075,76.965326,2026-08-09 11:28,ISSUE_0298,True
529,"One side of the signal just outside Uppilipalayam stays green far too long, blocking cross traffic.",Road,Traffic signal,10.990627,77.022335,2026-07-13 01:52,ISSUE_0089,True
530,"The traffic signal around the Chinniampalayam area went completely dark this evening. Children walk through this area every day, so it needs urgent attention.",Road,Traffic signal,11.08911,77.018735,2026-08-06 06:05,ISSUE_0082,True
531,"The signal along the stretch near Uppilipalayam is out of sync, causing jams in every direction. It is causing inconvenience to daily commuters.",Road,Traffic signal,10.98924,77.023665,2026-07-19 09:58,ISSUE_0089,True
532,The garbage van skipped our street near Mettupalayam Road again this week. This has been the case for over a month now.,Sanitation,Garbage collection,11.045537,76.94738,2026-08-06 21:43,ISSUE_0153,True
533,The corporation truck used to come daily in the Kavundampalayam Bypass locality but now it's very irregular.,Sanitation,Garbage collection,11.051291,76.945859,2026-08-09 22:23,ISSUE_0170,False
534,A broken electrical fixture at Kovaipudur is sparking intermittently. Noticed it this morning while passing by.,Electricity,Electrical hazard,10.941353,76.917348,2026-07-21 05:31,ISSUE_0417,True
535,The whole row of lights just outside Saibaba Colony seems to be non-functional right now. It is causing inconvenience to daily commuters. This has been the case since last week.,Streetlight,Broken streetlight,11.02003,76.935974,2026-07-27 00:58,ISSUE_0119,True
536,Unauthorized dumping close to Ukkadam has been happening for weeks now. Vehicles are getting damaged because of this.,Sanitation,Waste dumping,10.990971,76.955866,2026-07-20 00:40,ISSUE_0195,True
537,It's been a long outage near Ganapathy and appliances have been idle all day. This is unsafe and could lead to an accident.,Electricity,Power outage,11.034948,76.972445,2026-07-08 08:03,ISSUE_0394,False
538,"Cracks have widened over time on the road close to Kalapatti, it needs resurfacing. This has been the case since the last heavy rain.",Road,Road damage,11.074199,77.030814,2026-07-14 01:50,ISSUE_0054,True
539,People in the Peelamedu locality are falling sick after drinking the tap water. This has been the case for quite some time.,Water,Water quality,11.027243,77.026409,2026-08-06 20:57,ISSUE_0344,True
540,The road at Sundarapuram has eroded badly after the recent rains. Many residents in the area are affected by this.,Road,Road damage,10.972569,76.967167,2026-07-16 22:26,ISSUE_0073,False
541,Residents in front of Vadavalli Market have noticed a yellowish tint in the tap water. It's a small issue but worth noting.,Water,Water quality,11.019309,76.905428,2026-08-07 09:13,ISSUE_0339,True
542,Kids playing beside the Kavundampalayam bus stop in the evening have almost no visibility once it gets dark. Elderly residents are finding it especially difficult. This has been the case for over a month now.,Streetlight,Broken streetlight,11.049616,76.94702,2026-08-08 12:52,ISSUE_0118,True
543,The water supply timing along the stretch near Ganapathy keeps changing without any notice. It is causing inconvenience to daily commuters.,Water,Water supply,11.033916,76.968029,2026-08-03 23:08,ISSUE_0309,True
544,"Traffic has come to a halt in the Peelamedu Pudur locality due to flooded streets. Not a big problem yet, just flagging it. This has been the case since last week.",Drainage,Waterlogging,11.026186,77.034606,2026-07-09 03:47,ISSUE_0274,True
545,Loose wires are dangling just outside Gandhipuram close to where people walk. It is causing inconvenience to daily commuters.,Electricity,Electrical hazard,11.017919,76.969105,2026-07-11 14:24,ISSUE_0412,True
546,Loose gravel and broken tar cover the stretch at Kavundampalayam Bypass. Vehicles are getting damaged because of this.,Road,Road damage,11.049172,76.948747,2026-08-19 13:24,ISSUE_0042,True
547,There's a live wire lying on the ground in front of Town Hall. It is causing inconvenience to daily commuters.,Electricity,Electrical hazard,10.997412,76.96367,2026-07-19 12:09,ISSUE_0437,False
548,Builders seem to be dumping leftover material along the stretch near Ukkadam illegally. Vehicles are getting damaged because of this.,Sanitation,Waste dumping,10.990681,76.955995,2026-07-18 14:49,ISSUE_0195,True
549,The water near Kalapatti turned cloudy after the last supply cycle. This has been the case since yesterday.,Water,Water quality,11.071303,77.032077,2026-08-18 21:56,ISSUE_0342,True
550,"Two-wheelers are stalling in the standing water along the stretch near Vellalore. Not a big problem yet, just flagging it. This has been the case for over a month now.",Drainage,Waterlogging,10.946093,76.995756,2026-08-14 03:36,ISSUE_0268,True
551,The overhead tank around the Neelambur area isn't filling properly due to supply issues.,Water,Water supply,10.997061,77.060624,2026-08-10 20:39,ISSUE_0307,True
552,We haven't received municipal water along the stretch near Ganapathy on the usual schedule. This has been the case for several days.,Water,Water supply,11.033398,76.968047,2026-07-15 16:38,ISSUE_0309,True
553,The signal pole in the Selvapuram locality looks damaged and the lights aren't lighting up. This is a serious safety risk for everyone nearby.,Road,Traffic signal,10.987693,76.935058,2026-07-19 12:11,ISSUE_0080,True
554,An open junction box at Trichy Road has exposed wiring visible to anyone passing. This has been the case for over a month now.,Electricity,Electrical hazard,10.986416,77.006327,2026-07-01 00:32,ISSUE_0420,True
555,The electric meter box along the stretch near Trichy Road is open and wires are visible. This has been the case since last week.,Electricity,Electrical hazard,10.987079,77.006263,2026-08-01 16:36,ISSUE_0420,True
556,Power supply around the Sitra area keeps fluctuating before cutting off completely. Several people in the area have noticed this.,Electricity,Power outage,10.973563,76.99997,2026-08-14 02:05,ISSUE_0378,True
557,Sediment settles at the bottom of the vessel whenever we store water around the Thudiyalur area. This has been the case for quite some time.,Water,Water quality,11.081375,76.942202,2026-07-07 22:49,ISSUE_0343,True
558,Someone dumped a mattress and other bulky waste on the Vellalore main road. This has been the case for the past two days.,Sanitation,Waste dumping,10.943436,76.992639,2026-07-22 15:08,ISSUE_0196,True
559,"A fallen wire just outside Sitra is lying across the footpath unattended. Not a big problem yet, just flagging it.",Electricity,Electrical hazard,10.975257,76.997458,2026-08-18 22:41,ISSUE_0419,True
560,The low-lying stretch on the Ganapathy Bus Stand main road floods every time it rains. Vehicles are getting damaged because of this.,Drainage,Waterlogging,11.039873,76.968986,2026-07-17 10:27,ISSUE_0264,True
561,"The road just outside Vellalore needs urgent repair, there's a huge pothole right there. Noticed it this morning while passing by.",Road,Pothole,10.942594,76.992078,2026-08-06 00:39,ISSUE_0037,False
562,Power cuts beside the Singanallur bus stop are becoming a daily routine lately. Vehicles are getting damaged because of this.,Electricity,Power outage,11.00319,77.026607,2026-08-05 14:56,ISSUE_0368,True
563,It's been two weeks and the garbage in the Kurichi locality hasn't been touched. It's a small issue but worth noting.,Sanitation,Garbage collection,10.961049,76.964864,2026-07-16 10:14,ISSUE_0155,True
564,"The road near Saravanampatti needs urgent repair, there's a huge pothole right there. Not a big problem yet, just flagging it.",Road,Pothole,11.071523,77.00791,2026-07-23 23:32,ISSUE_0018,True
565,"Half the lane near Town Hall has collapsed slightly due to poor drainage underneath. Not a big problem yet, just flagging it.",Road,Road damage,10.992592,76.964073,2026-08-17 06:29,ISSUE_0060,False
566,The entire stretch near Kalapatti looks like it hasn't been repaired in years. This has been ignored despite earlier complaints.,Road,Road damage,11.074997,77.030695,2026-07-08 20:20,ISSUE_0054,True
567,Roadside dumping beside the Sowripalayam bus stop has become a regular eyesore. This is becoming a regular nuisance for residents.,Sanitation,Waste dumping,11.002594,76.991516,2026-07-25 05:38,ISSUE_0185,True
568,The area around the Malumichampatti area has experienced repeated power interruptions this month.,Electricity,Power outage,10.925772,76.984978,2026-07-30 06:27,ISSUE_0372,True
569,Truckloads of debris have been dumped in front of Kovaipudur without any authorization.,Sanitation,Waste dumping,10.940015,76.91606,2026-08-07 10:23,ISSUE_0190,True
570,The water close to Ukkadam tastes odd and doesn't seem fit for drinking. Many residents in the area are affected by this. This has been the case since yesterday.,Water,Water quality,10.991013,76.962278,2026-08-08 14:12,ISSUE_0337,True
571,The pothole just outside Race Course has expanded after the rain and is now quite deep.,Road,Pothole,10.99556,76.956444,2026-08-19 01:24,ISSUE_0003,True
572,"Electricity in front of Lakshmi Mills has been unstable, going off every few hours. Noticed it this morning while passing by. This has been the case since the last heavy rain.",Electricity,Power outage,11.007279,76.955211,2026-07-31 21:11,ISSUE_0381,True
573,The road surface on the Hopes College main road is cracked and breaking apart in several places.,Road,Road damage,11.00867,76.944374,2026-07-21 17:04,ISSUE_0063,False
574,Water has been standing on the Selvapuram main road for hours since the downpour. Several people in the area have noticed this.,Drainage,Waterlogging,10.983781,76.931811,2026-07-14 18:26,ISSUE_0263,True
575,Power supply in the Lakshmi Mills locality keeps fluctuating before cutting off completely.,Electricity,Power outage,11.007085,76.956321,2026-07-12 11:06,ISSUE_0381,True
576,The sewage line along the stretch near Kovaipudur appears to have backed up and is overflowing. Noticed it this morning while passing by. This has been the case for quite some time.,Drainage,Drain overflow,10.941022,76.915122,2026-07-31 21:44,ISSUE_0241,False
577,The corporation water hasn't arrived in front of Chinniampalayam for three days straight. Noticed it this morning while passing by.,Water,Water supply,11.08431,77.0151,2026-07-10 06:42,ISSUE_0328,False
578,The whole street in front of Sathyamangalam Road has been without power since last night.,Electricity,Power outage,11.04234,77.03387,2026-08-01 04:52,ISSUE_0371,True
579,The junction near Malumichampatti turns into a small lake after every monsoon shower.,Drainage,Waterlogging,10.929712,76.984341,2026-08-06 18:24,ISSUE_0272,True
580,The streetlight near the park at Rathinapuri has been off for a long time.,Streetlight,Broken streetlight,10.989792,76.943538,2026-08-02 15:08,ISSUE_0121,True
581,"Cross traffic along the stretch near Town Hall is a mess without a working signal. Not a big problem yet, just flagging it.",Road,Traffic signal,10.993819,76.960522,2026-07-15 23:02,ISSUE_0086,True
582,Someone has been illegally dumping construction debris along the stretch near Ukkadam. This has been the case for several days.,Sanitation,Waste dumping,10.991588,76.957129,2026-08-07 16:29,ISSUE_0195,True
583,Complaints about foul-smelling water just outside Kavundampalayam have increased this month. It is causing inconvenience to daily commuters.,Water,Water quality,11.049271,76.942403,2026-07-02 05:48,ISSUE_0340,True
584,The lamp post around the Vadavalli area has been flickering for days before finally going out. This is a serious safety risk for everyone nearby. This has been the case since the last heavy rain.,Streetlight,Broken streetlight,11.019021,76.902651,2026-08-08 20:03,ISSUE_0114,True
585,There seems to be a cross-contamination issue with the water supply along the stretch near Saibaba Colony.,Water,Water quality,11.013569,76.938685,2026-08-10 05:39,ISSUE_0353,False
586,We've had frequent power cuts in front of Saravanampatti throughout the week.,Electricity,Power outage,11.069688,77.004194,2026-08-07 03:20,ISSUE_0387,False
587,Sediment settles at the bottom of the vessel whenever we store water around the Kalapatti area. Several households have complained of stomach issues after drinking this water.,Water,Water quality,11.071443,77.030736,2026-07-27 20:12,ISSUE_0342,True
588,"The underground drain at Vadavalli Market seems blocked, water is coming up onto the street. It is causing inconvenience to daily commuters.",Drainage,Drain overflow,11.021059,76.908094,2026-07-02 17:04,ISSUE_0234,True
589,"This dark patch on the Saibaba Colony main road makes it hard to spot potholes or people at night. Not a big problem yet, just flagging it.",Streetlight,Broken streetlight,11.020225,76.937368,2026-07-21 17:58,ISSUE_0119,True
590,The road near Sathyamangalam Road has developed ridges and dips that jolt every vehicle passing.,Road,Road damage,11.04078,77.037743,2026-07-25 01:44,ISSUE_0057,False
591,Waste from nearby shops is being dumped just outside Sowripalayam instead of collected properly. This is unsafe and could lead to an accident.,Sanitation,Waste dumping,11.002872,76.991373,2026-08-05 18:15,ISSUE_0185,True
592,"There's barely any pressure in the pipes in front of Kalapatti, water just dribbles out. Many residents in the area are affected by this.",Water,Water supply,11.07069,77.030041,2026-07-20 17:19,ISSUE_0305,True
593,The corporation water hasn't arrived around the Kovaipudur area for three days straight. Elderly residents are finding it especially difficult.,Water,Water supply,10.944479,76.915993,2026-08-18 22:24,ISSUE_0302,True
594,The traffic signal at Town Hall has been stuck on red for a long time. Many residents in the area are affected by this.,Road,Traffic signal,10.994549,76.961206,2026-08-03 07:05,ISSUE_0086,True
595,A deep pit has developed on the carriageway along the stretch near Rathinapuri. It is causing inconvenience to daily commuters.,Road,Pothole,10.984615,76.942069,2026-07-26 07:01,ISSUE_0001,True
596,Sewage water in front of Selvapuram is flowing directly onto the pavement.,Drainage,Drain overflow,10.989125,76.930865,2026-07-15 14:44,ISSUE_0235,True
597,The tar layer on the Kuniyamuthur main road has peeled off exposing the base layer beneath. This has been the case for a few weeks.,Road,Road damage,10.967542,76.948901,2026-07-27 20:29,ISSUE_0076,False
598,Power has gone off along the stretch near Ganapathy Bus Stand multiple times today. Noticed it this morning while passing by.,Electricity,Power outage,11.03683,76.965036,2026-08-13 11:19,ISSUE_0395,False
599,The water coming from the tap in front of Thudiyalur looks muddy and discolored. This has been the case for over a month now.,Water,Water quality,11.080941,76.941864,2026-08-13 13:09,ISSUE_0343,True
600,"The transformer along the stretch near Lakshmi Mills seems to have tripped, cutting power to the area.",Electricity,Power outage,11.007691,76.955987,2026-07-17 19:43,ISSUE_0381,True
601,Drain water around the Ganapathy Bus Stand area has been overflowing onto the road for days. This has been the case for quite some time.,Drainage,Drain overflow,11.036735,76.966285,2026-07-28 10:46,ISSUE_0229,True
602,Traffic is slowing down in the Sathyamangalam Road locality because everyone is dodging a pothole. This has been the case since last week.,Road,Pothole,11.037836,77.032342,2026-07-25 06:53,ISSUE_0004,True
603,Taps in the Ondipudur locality have been running dry since yesterday.,Water,Water supply,11.006753,77.046327,2026-07-31 07:00,ISSUE_0317,False
604,There was a burning smell near the transformer beside the Kovaipudur bus stop this evening. Several people in the area have noticed this.,Electricity,Electrical hazard,10.941022,76.918045,2026-08-14 14:00,ISSUE_0417,True
605,Power supply beside the Sathyamangalam Road bus stop keeps fluctuating before cutting off completely. It is causing inconvenience to daily commuters. This has been the case since yesterday.,Electricity,Power outage,11.041281,77.03373,2026-07-03 02:19,ISSUE_0371,True
606,Traffic lights beside the Selvapuram bus stop are flickering and confusing drivers.,Road,Traffic signal,10.988245,76.936061,2026-07-31 07:22,ISSUE_0080,True
607,The drain in the Vellalore locality overflows every time it rains even lightly. Sewage is overflowing directly onto the road.,Drainage,Drain overflow,10.945602,76.995625,2026-08-12 21:23,ISSUE_0221,True
608,Truckloads of debris have been dumped near Vellalore without any authorization.,Sanitation,Waste dumping,10.945993,76.990807,2026-07-05 04:47,ISSUE_0197,True
609,The electric meter box beside the Eachanari bus stop is open and wires are visible. Vehicles are getting damaged because of this.,Electricity,Electrical hazard,10.953637,76.955492,2026-07-17 09:21,ISSUE_0413,True
610,"The signal on the Vadavalli main road is out of sync, causing jams in every direction. It is causing inconvenience to daily commuters.",Road,Traffic signal,11.020793,76.907397,2026-08-04 00:11,ISSUE_0077,True
611,There is no proper garbage pickup happening along the stretch near Kavundampalayam Bypass this month. This is becoming a regular nuisance for residents.,Sanitation,Garbage collection,11.050921,76.949534,2026-08-20 11:22,ISSUE_0172,False
612,"The transformer in front of Ganapathy seems to have tripped, cutting power to the area.",Electricity,Power outage,11.036042,76.967696,2026-08-11 18:58,ISSUE_0370,True
613,Power cuts beside the Podanur bus stop are becoming a daily routine lately. This needs to be fixed immediately before someone gets hurt.,Electricity,Power outage,10.966865,76.97365,2026-07-07 07:43,ISSUE_0377,True
614,The road surface on the Malumichampatti main road is cracked and breaking apart in several places. Several people in the area have noticed this.,Road,Road damage,10.925224,76.989465,2026-07-01 13:20,ISSUE_0044,True
615,The street beside the Ondipudur Bypass bus stop looks unhygienic due to missed garbage collection. Many residents in the area are affected by this.,Sanitation,Garbage collection,11.010869,77.052063,2026-08-19 01:22,ISSUE_0174,False
616,"Wastewater keeps overflowing along the stretch near Avinashi Road creating a foul smell. Not a big problem yet, just flagging it.",Drainage,Drain overflow,11.022536,77.000709,2026-07-02 14:36,ISSUE_0236,True
617,There was a burning smell near the transformer close to Ukkadam this evening.,Electricity,Electrical hazard,10.994375,76.959811,2026-07-08 06:05,ISSUE_0407,True
618,"The bulb at Sitra seems to have burnt out and no one has replaced it. Not a big problem yet, just flagging it.",Streetlight,Broken streetlight,10.972279,76.995371,2026-08-06 04:16,ISSUE_0117,True
619,There's a hole in the road surface at Vadavalli that's been there for a while. Several people in the area have noticed this.,Road,Pothole,11.023008,76.902494,2026-08-08 08:55,ISSUE_0015,True
620,"Someone needs to stop the dumping around the Vellalore area, it's turning into a health hazard. Many residents in the area are affected by this. This has been the case for a few weeks.",Sanitation,Waste dumping,10.944423,76.993066,2026-07-14 14:09,ISSUE_0196,True
621,"The transformer near Vadavalli seems to have tripped, cutting power to the area. This has been ignored despite earlier complaints. This has been the case for a few weeks.",Electricity,Power outage,11.019097,76.902744,2026-07-16 12:06,ISSUE_0374,True
622,"Sparks flew from a transformer close to Podanur during the rain, which was alarming. This has been ignored despite earlier complaints.",Electricity,Electrical hazard,10.968445,76.971884,2026-07-05 02:49,ISSUE_0409,True
623,The cable near the pole on the Singanallur main road looks frayed and dangerous. Vehicles are getting damaged because of this.,Electricity,Electrical hazard,11.001593,77.029829,2026-07-04 12:20,ISSUE_0405,True
624,Someone dumped a mattress and other bulky waste along the stretch near Ukkadam. This has been the case since the last heavy rain.,Sanitation,Waste dumping,10.991066,76.961502,2026-07-17 05:48,ISSUE_0216,False
625,The corner in the Peelamedu locality is filled with dumped waste that no one claims responsibility for.,Sanitation,Waste dumping,11.029921,77.022626,2026-07-28 13:32,ISSUE_0220,False
626,"The junction in front of Ondipudur Bypass has no working signal, causing confusion at peak hours.",Road,Traffic signal,11.007,77.0515,2026-08-13 14:54,ISSUE_0084,True
627,The sewage line on the Kovaipudur main road appears to have backed up and is overflowing. It is causing inconvenience to daily commuters.,Drainage,Drain overflow,10.939243,76.917122,2026-07-08 22:52,ISSUE_0231,True
628,Power outages at Ganapathy are happening almost every other day now.,Electricity,Power outage,11.03572,76.967947,2026-07-05 17:02,ISSUE_0370,True
629,This pothole at Vilankurichi is filled with water and impossible to spot at night.,Road,Pothole,11.013182,77.019438,2026-07-09 11:16,ISSUE_0017,True
630,"Water levels close to Malumichampatti rose quickly during the storm and haven't gone down. Not a big problem yet, just flagging it.",Drainage,Waterlogging,10.929946,76.984362,2026-07-03 12:55,ISSUE_0272,True
631,Households at Pollachi Road are boiling water extra carefully due to contamination concerns. Vehicles are getting damaged because of this.,Water,Water quality,10.934901,76.967936,2026-08-01 14:46,ISSUE_0341,True
632,"The water supply timing around the Ganapathy area keeps changing without any notice. Children walk through this area every day, so it needs urgent attention.",Water,Water supply,11.033111,76.967499,2026-08-09 10:50,ISSUE_0309,True
633,The pothole along the stretch near Vilankurichi has expanded after the rain and is now quite deep. Noticed it this morning while passing by.,Road,Pothole,11.013236,77.018622,2026-07-10 03:36,ISSUE_0017,True
634,The entire stretch in the Singanallur locality looks like it hasn't been repaired in years. It's a small issue but worth noting.,Road,Road damage,11.002525,77.027695,2026-08-12 23:58,ISSUE_0071,False
635,"The supply line close to Eachanari appears to have a leak, reducing pressure downstream. Elderly residents are finding it especially difficult.",Water,Water supply,10.951554,76.954854,2026-07-10 03:26,ISSUE_0313,False
636,The culvert near Vadavalli Market is clogged and water is spilling over the road. It is causing inconvenience to daily commuters.,Drainage,Drain overflow,11.020912,76.908132,2026-08-01 18:07,ISSUE_0237,False
637,Residents around the Sowripalayam area are without electricity and haven't gotten an update. Noticed it this morning while passing by.,Electricity,Power outage,11.002346,76.992806,2026-07-28 03:57,ISSUE_0373,True
638,The traffic light along the stretch near Uppilipalayam has been broken since the storm last week. It is causing inconvenience to daily commuters.,Road,Traffic signal,10.990595,77.022281,2026-08-11 17:29,ISSUE_0089,True
639,The sewage line in the Avinashi Road locality appears to have backed up and is overflowing.,Drainage,Drain overflow,11.021867,77.000635,2026-08-04 09:18,ISSUE_0236,True
640,Traffic is slowing down in front of Vadavalli Market because everyone is dodging a pothole. This has been the case for a few weeks.,Road,Pothole,11.019264,76.90616,2026-07-22 09:04,ISSUE_0011,True
641,There seems to be a cross-contamination issue with the water supply along the stretch near Kavundampalayam. This has been ignored despite earlier complaints.,Water,Water quality,11.049079,76.943266,2026-07-19 01:33,ISSUE_0340,True
642,"There's a pile of household waste building up in front of Race Course. Not a big problem yet, just flagging it. This has been the case for several days.",Sanitation,Garbage collection,10.998396,76.955528,2026-08-17 22:41,ISSUE_0162,True
643,A blocked drain on the Avinashi Road main road is causing water to stagnate near the shops. Noticed it this morning while passing by.,Drainage,Drain overflow,11.021893,77.00142,2026-08-08 22:53,ISSUE_0236,True
644,Power cuts in front of Sathyamangalam Road are becoming a daily routine lately. Several people in the area have noticed this.,Electricity,Power outage,11.041194,77.033816,2026-07-12 12:31,ISSUE_0371,True
645,Construction vehicles have worsened the already damaged road just outside Ukkadam. Vehicles are getting damaged because of this.,Road,Road damage,10.993668,76.956364,2026-08-10 03:27,ISSUE_0064,False
646,Cross traffic just outside Vellalore is a mess without a working signal.,Road,Traffic signal,10.942694,76.992535,2026-08-07 19:57,ISSUE_0088,True
647,Sparking has been seen near the streetlight wiring near Trichy Road at night. It's a small issue but worth noting. This has been the case for a few weeks.,Electricity,Electrical hazard,10.985127,77.007765,2026-07-26 03:14,ISSUE_0406,True
648,"The signal close to Town Hall is out of sync, causing jams in every direction. Noticed it this morning while passing by.",Road,Traffic signal,10.994525,76.961181,2026-08-01 16:52,ISSUE_0086,True
649,"The supply line just outside Vellalore appears to have a leak, reducing pressure downstream. Not a big problem yet, just flagging it.",Water,Water supply,10.944696,76.990362,2026-07-28 17:30,ISSUE_0303,True
650,There is a growing dump of mixed waste around the Eachanari area near the compound wall. It is causing inconvenience to daily commuters.,Sanitation,Waste dumping,10.95307,76.956385,2026-08-16 15:55,ISSUE_0201,False
651,Flies and stray dogs are gathering around the uncollected waste close to Mettupalayam Road.,Sanitation,Garbage collection,11.04784,76.949629,2026-07-18 20:18,ISSUE_0160,True
652,I nearly lost control of my bike because of a pothole at Sowripalayam. Several people in the area have noticed this.,Road,Pothole,11.002847,76.993184,2026-07-04 17:43,ISSUE_0016,True
653,Sparking has been seen near the streetlight wiring on the Ramanathapuram main road at night.,Electricity,Electrical hazard,10.993552,76.984618,2026-07-24 17:30,ISSUE_0414,True
654,Households just outside Sitra are struggling without a consistent water supply. Elderly residents are finding it especially difficult.,Water,Water supply,10.975166,76.999205,2026-08-04 01:14,ISSUE_0299,True
655,A broken electrical fixture on the Sathyamangalam Road main road is sparking intermittently.,Electricity,Electrical hazard,11.040313,77.037578,2026-07-13 20:01,ISSUE_0411,True
656,We've had frequent power cuts in the Lakshmi Mills locality throughout the week. This has been the case for several days.,Electricity,Power outage,11.007825,76.955868,2026-08-15 02:00,ISSUE_0381,True
657,The signal light on the Uppilipalayam main road is not working at all today.,Road,Traffic signal,10.989926,77.022278,2026-07-09 15:55,ISSUE_0089,True
658,"The road close to Saravanampatti needs urgent repair, there's a huge pothole right there. It's a small issue but worth noting.",Road,Pothole,11.072076,77.006608,2026-07-28 15:44,ISSUE_0018,True
659,"There is a growing dump of mixed waste around the Ondipudur Bypass area near the compound wall. Children walk through this area every day, so it needs urgent attention. This has been the case for over a month now.",Sanitation,Waste dumping,11.011637,77.050413,2026-07-13 13:42,ISSUE_0189,True
660,Heavy waterlogging has returned beside the Peelamedu Pudur bus stop after the recent showers. It's a small issue but worth noting.,Drainage,Waterlogging,11.026564,77.035515,2026-08-15 18:01,ISSUE_0274,True
661,Edges of the road along the stretch near Trichy Road are crumbling into the drain alongside. This is becoming a regular nuisance for residents.,Road,Road damage,10.990913,77.00736,2026-08-03 19:29,ISSUE_0041,True
662,Storm water drains in the Ramanathapuram locality are blocked and overflowing. It's a small issue but worth noting.,Drainage,Drain overflow,10.998068,76.981341,2026-07-09 10:01,ISSUE_0230,True
663,The community bin around the Vellalore area is overflowing with no sign of the collection crew. Noticed it this morning while passing by.,Sanitation,Garbage collection,10.945492,76.994979,2026-07-24 00:07,ISSUE_0151,True
664,The water supply timing in the Vellalore locality keeps changing without any notice. Noticed it this morning while passing by.,Water,Water supply,10.943199,76.989658,2026-08-05 02:59,ISSUE_0303,True
665,The road in the Saibaba Colony locality is flooded again and vehicles are struggling to cross. It is causing inconvenience to daily commuters.,Drainage,Waterlogging,11.018891,76.939366,2026-08-02 08:30,ISSUE_0266,True
666,There's a complete blackout just outside Eachanari since the afternoon.,Electricity,Power outage,10.953469,76.950145,2026-08-08 20:25,ISSUE_0397,False
667,"Rainwater is not draining on the Ganapathy Bus Stand main road, leaving the road waterlogged for days. It is causing inconvenience to daily commuters. This has been the case for the past two days.",Drainage,Waterlogging,11.03984,76.968664,2026-07-12 18:30,ISSUE_0264,True
668,Garbage bags are being thrown close to Ondipudur Bypass instead of using the designated bins. This has been the case since yesterday.,Sanitation,Waste dumping,11.009494,77.046356,2026-07-19 21:35,ISSUE_0194,True
669,The road along the stretch near Selvapuram is flooded again and vehicles are struggling to cross.,Drainage,Waterlogging,10.984473,76.931701,2026-07-26 18:03,ISSUE_0263,True
670,An open junction box just outside Podanur has exposed wiring visible to anyone passing. Many residents in the area are affected by this.,Electricity,Electrical hazard,10.965547,76.972204,2026-08-12 10:32,ISSUE_0424,False
671,We've had frequent power cuts along the stretch near Vadavalli Bridge throughout the week.,Electricity,Power outage,11.026096,76.901515,2026-08-02 05:44,ISSUE_0380,True
672,There's been an irregular water supply just outside Neelambur for over a week now.,Water,Water supply,10.997049,77.061195,2026-07-27 23:57,ISSUE_0307,True
673,The vacant land close to Lakshmi Mills has turned into an unofficial dumping ground. Many residents in the area are affected by this. This has been the case for over a month now.,Sanitation,Waste dumping,11.007453,76.954767,2026-07-11 03:05,ISSUE_0186,True
674,The streetlight near the park near Kalapatti has been off for a long time.,Streetlight,Broken streetlight,11.073383,77.031189,2026-07-14 13:48,ISSUE_0125,True
675,Signal timing at Vadavalli seems completely off compared to actual traffic flow. Many residents in the area are affected by this.,Road,Traffic signal,11.02032,76.906913,2026-07-29 07:20,ISSUE_0077,True
676,Water supply near Uppilipalayam has become unpredictable over the last month. Many residents in the area are affected by this.,Water,Water supply,10.984923,77.024253,2026-07-19 20:27,ISSUE_0306,True
677,"The damaged stretch in the Podanur locality is especially hard to navigate after rain. Not a big problem yet, just flagging it. This has been the case for quite some time.",Road,Road damage,10.967913,76.973951,2026-07-05 23:40,ISSUE_0045,True
678,The drain on the Sundarapuram main road is overflowing with sewage onto the road. Several people in the area have noticed this.,Drainage,Drain overflow,10.97283,76.968233,2026-08-11 09:36,ISSUE_0226,True
679,Cross traffic close to Ganapathy is a mess without a working signal. It is causing inconvenience to daily commuters.,Road,Traffic signal,11.034959,76.966902,2026-07-29 19:20,ISSUE_0096,False
680,There's visible road erosion close to Town Hall near the shoulder.,Road,Road damage,10.992558,76.961992,2026-08-19 16:47,ISSUE_0050,True
681,The water supply timing just outside Kavundampalayam Bypass keeps changing without any notice. Elderly residents are finding it especially difficult.,Water,Water supply,11.054929,76.950366,2026-07-11 22:08,ISSUE_0332,False
682,Residents at Ganapathy are relying on tankers because the supply has stopped.,Water,Water supply,11.03295,76.967232,2026-07-01 13:12,ISSUE_0309,True
683,This dark patch just outside Sowripalayam makes it hard to spot potholes or people at night. This has been ignored despite earlier complaints. This has been the case for over a month now.,Streetlight,Broken streetlight,11.000753,76.994278,2026-08-14 08:18,ISSUE_0115,True
684,The water at Kavundampalayam smells like it might be mixing with sewage somewhere.,Water,Water quality,11.050084,76.942219,2026-07-13 01:00,ISSUE_0340,True
685,The whole street around the Ukkadam area has been without power since last night. Noticed it this morning while passing by.,Electricity,Power outage,10.989613,76.956014,2026-07-27 14:47,ISSUE_0400,False
686,We've been without water at Ganapathy since the maintenance work began. It is causing inconvenience to daily commuters.,Water,Water supply,11.033182,76.966787,2026-07-18 23:31,ISSUE_0309,True
687,The drain outlet beside the Kalapatti bus stop is blocked with plastic waste causing an overflow. This has been the case since last week.,Drainage,Drain overflow,11.06938,77.03697,2026-07-31 15:50,ISSUE_0243,False
688,An exposed cable in the Kovaipudur locality poses a serious shock risk to children playing nearby.,Electricity,Electrical hazard,10.941676,76.916701,2026-07-22 03:03,ISSUE_0417,True
689,Residents in front of Kurichi have been asking for the streetlight to be repaired for weeks.,Streetlight,Broken streetlight,10.961739,76.964678,2026-07-17 04:26,ISSUE_0137,False
690,Collection at Singanallur used to be regular but has become very irregular lately. It's a small issue but worth noting.,Sanitation,Garbage collection,11.003401,77.027253,2026-08-20 19:16,ISSUE_0180,False
691,"The pipeline on the Ganapathy main road seems to have an interruption, no water is coming through.",Water,Water supply,11.032993,76.967659,2026-08-03 12:18,ISSUE_0309,True
692,There is no proper garbage pickup happening just outside Trichy Road this month.,Sanitation,Garbage collection,10.990408,77.005486,2026-07-06 07:21,ISSUE_0178,False
693,The open plot near Ukkadam has become a dumping site for old furniture and debris.,Sanitation,Waste dumping,10.990787,76.957003,2026-07-05 11:06,ISSUE_0195,True
694,"There's a strange odor coming from the water in the Vadavalli Market locality, possibly sewage mixing in. Many residents in the area are affected by this. This has been the case for over a month now.",Water,Water quality,11.023319,76.902456,2026-07-07 15:25,ISSUE_0356,False
695,Drain water close to Selvapuram has been overflowing onto the road for days.,Drainage,Drain overflow,10.988969,76.931068,2026-07-17 20:24,ISSUE_0235,True
696,Flies and stray dogs are gathering around the uncollected waste along the stretch near Hopes College.,Sanitation,Garbage collection,11.009969,76.94413,2026-07-10 11:24,ISSUE_0181,False
697,The water coming from the tap in front of Peelamedu looks muddy and discolored. It's a small issue but worth noting. This has been the case for the past two days.,Water,Water quality,11.026974,77.026247,2026-07-03 22:42,ISSUE_0344,True
698,The streetlight near the park just outside Neelambur has been off for a long time. Noticed it this morning while passing by.,Streetlight,Broken streetlight,10.997656,77.066251,2026-07-12 05:10,ISSUE_0132,False
699,Garbage bags are being thrown along the stretch near Ondipudur Bypass instead of using the designated bins. It is causing inconvenience to daily commuters.,Sanitation,Waste dumping,11.009292,77.04581,2026-08-13 07:12,ISSUE_0194,True
700,A streetlight just outside Rathinapuri fell over after last week's winds and hasn't been reinstalled. This is a serious safety risk for everyone nearby.,Streetlight,Broken streetlight,10.98671,76.946379,2026-07-21 12:47,ISSUE_0116,True
701,People are dumping garbage on the empty plot on the Vellalore main road regularly.,Sanitation,Waste dumping,10.944477,76.989509,2026-07-27 14:57,ISSUE_0187,True
702,A blocked drain in the Vellalore locality is causing water to stagnate near the shops.,Drainage,Drain overflow,10.946919,76.995878,2026-07-02 11:51,ISSUE_0221,True
703,The color of the water near Kovaipudur changes between clear and brownish.,Water,Water quality,10.938909,76.91976,2026-07-12 10:38,ISSUE_0365,False
704,A blocked drain near Vadavalli Market is causing water to stagnate near the shops. Many residents in the area are affected by this.,Drainage,Drain overflow,11.020659,76.90801,2026-07-11 19:47,ISSUE_0234,True
705,This dark patch on the Vellalore main road makes it hard to spot potholes or people at night. It's a small issue but worth noting.,Streetlight,Broken streetlight,10.945109,76.995455,2026-07-07 11:34,ISSUE_0122,True
706,Vehicles are struggling over the broken patch of road just outside Kalapatti. This has been the case since yesterday.,Road,Road damage,11.074451,77.030971,2026-07-23 06:56,ISSUE_0054,True
707,The quality of drinking water along the stretch near Kuniyamuthur needs to be tested urgently.,Water,Water quality,10.97084,76.948968,2026-07-30 14:28,ISSUE_0333,True
708,The community bin in the Sitra locality is overflowing with no sign of the collection crew. Many residents in the area are affected by this.,Sanitation,Garbage collection,10.971551,76.99424,2026-08-16 01:16,ISSUE_0173,False
709,Garbage has not been collected beside the Kuniyamuthur bus stop for several days now. Vehicles are getting damaged because of this.,Sanitation,Garbage collection,10.972123,76.949875,2026-08-19 02:56,ISSUE_0152,True
710,"Wires are hanging dangerously low near Trichy Road, almost touching pedestrians. Not a big problem yet, just flagging it.",Electricity,Electrical hazard,10.986941,77.006051,2026-07-11 16:14,ISSUE_0420,True
711,There is a growing dump of mixed waste in the Ondipudur Bypass locality near the compound wall.,Sanitation,Waste dumping,11.011997,77.051321,2026-07-15 09:15,ISSUE_0189,True
712,"The scheduled water supply just outside Hopes College did not arrive again today. Not a big problem yet, just flagging it.",Water,Water supply,11.006589,76.942341,2026-07-03 08:44,ISSUE_0297,True
713,"The whole neighborhood along the stretch near Podanur lost power after a loud noise from the transformer. Not a big problem yet, just flagging it.",Electricity,Power outage,10.964889,76.975021,2026-07-14 16:10,ISSUE_0379,True
714,There is a deep pothole along the stretch near Podanur that vehicles keep hitting. Several people in the area have noticed this.,Road,Pothole,10.966577,76.97133,2026-07-06 06:32,ISSUE_0005,True
715,The color of the water beside the Mettupalayam Road bus stop changes between clear and brownish. It is causing inconvenience to daily commuters.,Water,Water quality,11.045284,76.952271,2026-07-19 01:45,ISSUE_0363,False
716,Pedestrians are wading through ankle-deep water just outside Rathinapuri. Vehicles are getting damaged because of this. This has been the case since the last heavy rain.,Drainage,Waterlogging,10.988438,76.945125,2026-08-07 06:08,ISSUE_0271,True
717,"The outage close to Vadavalli started suddenly with no prior announcement. Not a big problem yet, just flagging it.",Electricity,Power outage,11.018691,76.902145,2026-07-05 18:40,ISSUE_0374,True
718,Illegal dumping near Ram Nagar is attracting stray dogs and pests. This has been the case for the past two days.,Sanitation,Waste dumping,10.998383,76.964571,2026-07-04 10:39,ISSUE_0218,False
719,There was a burning smell near the transformer close to Trichy Road this evening. This is becoming a regular nuisance for residents.,Electricity,Electrical hazard,10.986738,77.005589,2026-07-18 12:49,ISSUE_0420,True
720,"A big hole has formed on the road in front of Gandhipuram, making it risky to drive over. This is unsafe and could lead to an accident.",Road,Pothole,11.017656,76.966778,2026-07-20 04:07,ISSUE_0009,True
721,"The signal near Chinniampalayam is out of sync, causing jams in every direction. Elderly residents are finding it especially difficult. This has been the case since last week.",Road,Traffic signal,11.088355,77.018464,2026-07-03 23:52,ISSUE_0082,True
722,Sewage water beside the Neelambur bus stop is flowing directly onto the pavement. Several people in the area have noticed this.,Drainage,Drain overflow,10.999305,77.063975,2026-08-02 12:43,ISSUE_0232,True
723,The electric meter box near Vadavalli Bridge is open and wires are visible. Vehicles are getting damaged because of this.,Electricity,Electrical hazard,11.019113,76.902316,2026-07-08 15:25,ISSUE_0423,False
724,Residents near Ganapathy have been asking for the streetlight to be repaired for weeks.,Streetlight,Broken streetlight,11.035087,76.972375,2026-07-29 11:00,ISSUE_0142,False
725,Water pressure at Town Hall has been extremely low this week.,Water,Water supply,10.994339,76.963929,2026-07-18 05:39,ISSUE_0298,True
726,The smell from the overflowing drain close to Ram Nagar is unbearable. It is causing inconvenience to daily commuters. This has been the case for the past two days.,Drainage,Drain overflow,10.999277,76.960864,2026-08-02 14:56,ISSUE_0225,True
727,The road surface beside the Town Hall bus stop is cracked and breaking apart in several places. It is causing inconvenience to daily commuters. This has been the case for the past two days.,Road,Road damage,10.992411,76.962588,2026-07-08 19:01,ISSUE_0050,True
728,"The surface in the Peelamedu locality is patchy with old repairs breaking down again. Not a big problem yet, just flagging it.",Road,Road damage,11.028954,77.024815,2026-07-07 23:37,ISSUE_0046,True
729,"Water is accumulating beside the Vadavalli Market bus stop after yesterday's rain. Not a big problem yet, just flagging it.",Drainage,Waterlogging,11.018617,76.905117,2026-07-04 17:50,ISSUE_0262,True
730,Half the lane close to Sathyamangalam Road has collapsed slightly due to poor drainage underneath. This has been the case for over a month now.,Road,Road damage,11.041225,77.033918,2026-07-08 06:54,ISSUE_0052,True
731,The streetlight near the park at Sowripalayam has been off for a long time. It is causing inconvenience to daily commuters.,Streetlight,Broken streetlight,10.996837,76.99492,2026-08-07 00:02,ISSUE_0112,True
732,The culvert on the Kurichi main road is clogged and water is spilling over the road. This has been the case for several days.,Drainage,Drain overflow,10.961628,76.9663,2026-07-11 08:04,ISSUE_0248,False
733,"Water has been standing in the Kovaipudur locality for hours since the downpour. Not a big problem yet, just flagging it.",Drainage,Waterlogging,10.94146,76.919961,2026-07-04 22:57,ISSUE_0291,False
734,We haven't received municipal water just outside Hopes College on the usual schedule. This is becoming a regular nuisance for residents.,Water,Water supply,11.006097,76.943214,2026-07-14 06:07,ISSUE_0297,True
735,"The garbage van skipped our street near Saravanampatti again this week. Not a big problem yet, just flagging it.",Sanitation,Garbage collection,11.069171,77.007022,2026-08-19 09:37,ISSUE_0171,False
736,Walking around the Vadavalli area after dark feels unsafe due to the broken light.,Streetlight,Broken streetlight,11.019851,76.902649,2026-08-02 00:15,ISSUE_0114,True
737,Drain water at Neelambur has been overflowing onto the road for days. Many residents in the area are affected by this. This has been the case since yesterday.,Drainage,Drain overflow,10.999902,77.063621,2026-07-27 04:27,ISSUE_0232,True
738,"Rainwater is not draining in the Malumichampatti locality, leaving the road waterlogged for days.",Drainage,Waterlogging,10.929443,76.984658,2026-08-06 19:39,ISSUE_0272,True
739,The tap water around the Peelamedu area has visible particles floating in it. This has been the case since the last heavy rain.,Water,Water quality,11.027043,77.026155,2026-08-13 19:23,ISSUE_0344,True
740,The outage around the Sowripalayam area started suddenly with no prior announcement. It is causing inconvenience to daily commuters.,Electricity,Power outage,11.002354,76.994315,2026-08-08 08:12,ISSUE_0373,True
741,The streetlight near Sowripalayam has stopped working and the area is very dark at night. This is becoming a regular nuisance for residents.,Streetlight,Broken streetlight,10.999866,76.994863,2026-07-30 10:53,ISSUE_0115,True
742,Residents just outside Singanallur are without electricity and haven't gotten an update. This has been the case since the last heavy rain.,Electricity,Power outage,11.001653,77.026262,2026-08-04 01:54,ISSUE_0368,True
743,This exposed wiring along the stretch near Saibaba Colony is a serious safety hazard for the whole street. Several people in the area have noticed this. This has been the case since yesterday.,Electricity,Electrical hazard,11.014269,76.933722,2026-08-01 01:10,ISSUE_0410,True
744,"Electricity in front of Lakshmi Mills has been unstable, going off every few hours. This has been ignored despite earlier complaints.",Electricity,Power outage,11.007108,76.956312,2026-08-14 00:45,ISSUE_0381,True
745,"Someone needs to stop the dumping at Trichy Road, it's turning into a health hazard. This has been the case for a few weeks.",Sanitation,Waste dumping,10.987179,77.005653,2026-08-13 23:42,ISSUE_0198,True
746,The tap water at Kavundampalayam has visible particles floating in it.,Water,Water quality,11.049827,76.943105,2026-07-10 09:08,ISSUE_0340,True
747,Signal timing along the stretch near Selvapuram seems completely off compared to actual traffic flow.,Road,Traffic signal,10.988263,76.934939,2026-08-02 01:20,ISSUE_0080,True
748,There's a hole in the road surface on the Eachanari main road that's been there for a while. It is causing inconvenience to daily commuters.,Road,Pothole,10.952462,76.954501,2026-08-01 18:25,ISSUE_0008,True
749,"There's a strange odor coming from the water in the Ukkadam locality, possibly sewage mixing in. This has been the case for quite some time.",Water,Water quality,10.991768,76.961958,2026-08-17 15:38,ISSUE_0337,True
750,It's been a long outage beside the Kalapatti bus stop and appliances have been idle all day. This has been the case for the past two days.,Electricity,Power outage,11.070035,77.031593,2026-07-15 11:43,ISSUE_0382,False
751,Half the lane close to Town Hall has collapsed slightly due to poor drainage underneath.,Road,Road damage,10.993284,76.962733,2026-07-02 20:25,ISSUE_0050,True
752,Half the lane in front of Trichy Road has collapsed slightly due to poor drainage underneath.,Road,Road damage,10.989038,77.010269,2026-08-13 17:51,ISSUE_0049,True
753,Traffic is slowing down in the Kuniyamuthur locality because everyone is dodging a pothole. It is causing inconvenience to daily commuters.,Road,Pothole,10.968005,76.950626,2026-07-10 20:48,ISSUE_0010,True
754,The drain close to Hopes College is overflowing with sewage onto the road. Vehicles are getting damaged because of this.,Drainage,Drain overflow,11.006339,76.94137,2026-07-26 19:49,ISSUE_0223,True
755,"Someone needs to check the signal box at Kurichi, it keeps resetting randomly. Many residents in the area are affected by this. This has been the case since last week.",Road,Traffic signal,10.965986,76.970359,2026-08-04 22:55,ISSUE_0093,False
756,The open plot on the Mettupalayam Road main road has become a dumping site for old furniture and debris. This is unsafe and could lead to an accident.,Sanitation,Waste dumping,11.045592,76.948652,2026-07-28 16:15,ISSUE_0202,False
757,This junction's signal beside the Uppilipalayam bus stop has been unreliable for days now. This is becoming a regular nuisance for residents.,Road,Traffic signal,10.989826,77.023448,2026-07-04 18:53,ISSUE_0089,True
758,The road in the Ganapathy Bus Stand locality is flooded again and vehicles are struggling to cross. Several people in the area have noticed this.,Drainage,Waterlogging,11.038468,76.969534,2026-07-17 10:38,ISSUE_0264,True
759,The street beside the Hopes College bus stop looks unhygienic due to missed garbage collection.,Sanitation,Garbage collection,11.006494,76.94386,2026-07-30 14:10,ISSUE_0161,True
760,The bulb just outside Saibaba Colony seems to have burnt out and no one has replaced it.,Streetlight,Broken streetlight,11.020517,76.937126,2026-08-16 21:37,ISSUE_0119,True
761,Collection close to Mettupalayam Road used to be regular but has become very irregular lately. This is becoming a regular nuisance for residents.,Sanitation,Garbage collection,11.047137,76.946816,2026-07-25 12:31,ISSUE_0159,True
762,Heavy waterlogging has returned at Ganapathy Bus Stand after the recent showers. The entire road is submerged and impassable. This has been the case since the last heavy rain.,Drainage,Waterlogging,11.038043,76.968199,2026-08-03 11:44,ISSUE_0261,True
763,The bulb along the stretch near Ramanathapuram seems to have burnt out and no one has replaced it. It is causing inconvenience to daily commuters. This has been the case since yesterday.,Streetlight,Broken streetlight,10.995531,76.984052,2026-07-30 20:04,ISSUE_0113,True
764,It's hard to find the entrance in front of Rathinapuri at night with the light out.,Streetlight,Broken streetlight,10.98932,76.942189,2026-07-12 15:29,ISSUE_0121,True
765,We've had frequent power cuts near Vadavalli throughout the week. This has been the case for several days.,Electricity,Power outage,11.023259,76.902386,2026-07-27 09:17,ISSUE_0390,False
766,"The supply line in front of Vellalore appears to have a leak, reducing pressure downstream. It is causing inconvenience to daily commuters.",Water,Water supply,10.94433,76.990072,2026-07-17 16:44,ISSUE_0303,True
767,People are dumping garbage on the empty plot around the Sowripalayam area regularly. Elderly residents are finding it especially difficult.,Sanitation,Waste dumping,11.003144,76.99252,2026-07-21 15:16,ISSUE_0185,True
768,Shops in the Saibaba Colony locality are getting flooded because the road can't drain the water. Several people in the area have noticed this.,Drainage,Waterlogging,11.01919,76.93883,2026-07-14 12:38,ISSUE_0266,True
769,There is no proper garbage pickup happening in the Race Course locality this month. This is becoming a regular nuisance for residents.,Sanitation,Garbage collection,10.998886,76.956729,2026-08-09 14:13,ISSUE_0162,True
770,A crater-like pothole has opened up in the Saravanampatti locality near the roadside. This is a serious safety risk for everyone nearby. This has been the case for the past two days.,Road,Pothole,11.072153,77.007331,2026-07-03 08:30,ISSUE_0018,True
771,Traffic has come to a halt on the Vadavalli Market main road due to flooded streets. Many residents in the area are affected by this.,Drainage,Waterlogging,11.018973,76.90466,2026-07-05 03:25,ISSUE_0262,True
772,Sewage is backing up beside the Vadavalli Market bus stop because the drain is clogged. This has been ignored despite earlier complaints.,Drainage,Drain overflow,11.021141,76.908271,2026-07-13 22:59,ISSUE_0234,True
773,The streetlight along the stretch near Saibaba Colony was damaged in a storm and hasn't been fixed. This has been the case since the last heavy rain.,Streetlight,Broken streetlight,11.020098,76.935955,2026-08-10 04:56,ISSUE_0119,True
774,The supplied water near Peelamedu appears contaminated with sediment. This has been the case for over a month now.,Water,Water quality,11.026496,77.026697,2026-08-11 08:25,ISSUE_0344,True
775,"The junction around the Uppilipalayam area has no working signal, causing confusion at peak hours.",Road,Traffic signal,10.990321,77.022915,2026-07-25 11:01,ISSUE_0089,True
776,"The junction in front of Ganapathy has no working signal, causing confusion at peak hours.",Road,Traffic signal,11.033098,76.967246,2026-08-20 16:10,ISSUE_0079,True
777,Trash bins close to Vadavalli Market are overflowing and haven't been emptied.,Sanitation,Garbage collection,11.017627,76.902325,2026-07-09 20:09,ISSUE_0179,False
778,"The damaged pole at Ramanathapuram has wires touching the compound wall, which is risky. Several people in the area have noticed this.",Electricity,Electrical hazard,10.993681,76.98519,2026-07-06 12:49,ISSUE_0414,True
779,Edges of the road in the Trichy Road locality are crumbling into the drain alongside. Several people in the area have noticed this. This has been the case for several days.,Road,Road damage,10.990232,77.011357,2026-08-07 18:21,ISSUE_0049,True
780,The bulb at Rathinapuri seems to have burnt out and no one has replaced it.,Streetlight,Broken streetlight,10.990314,76.942993,2026-07-30 02:08,ISSUE_0121,True
781,The drain near Avinashi Road is overflowing with sewage onto the road.,Drainage,Drain overflow,11.021284,77.000131,2026-07-30 18:14,ISSUE_0236,True
782,"Trash is spilling out of the bins at Mettupalayam Road onto the road. Not a big problem yet, just flagging it.",Sanitation,Garbage collection,11.045676,76.94836,2026-07-01 14:24,ISSUE_0153,True
783,The streetlight in the Sowripalayam locality was damaged in a storm and hasn't been fixed.,Streetlight,Broken streetlight,11.000289,76.992783,2026-08-16 00:25,ISSUE_0126,True
784,Construction vehicles have worsened the already damaged road beside the Kalapatti bus stop. Many residents in the area are affected by this.,Road,Road damage,11.07347,77.03056,2026-07-25 02:08,ISSUE_0054,True
785,"The pipeline in front of Vellalore seems to have an interruption, no water is coming through. Not a big problem yet, just flagging it.",Water,Water supply,10.943551,76.989866,2026-08-14 16:30,ISSUE_0303,True
786,The damaged stretch at Chinniampalayam is especially hard to navigate after rain. Several people in the area have noticed this.,Road,Road damage,11.086519,77.017089,2026-07-29 10:43,ISSUE_0043,True
787,The low-lying stretch beside the Peelamedu Pudur bus stop floods every time it rains.,Drainage,Waterlogging,11.026224,77.035346,2026-08-20 21:55,ISSUE_0274,True
788,Garbage bags are being thrown close to Ramanathapuram instead of using the designated bins.,Sanitation,Waste dumping,10.996565,76.980027,2026-07-26 03:46,ISSUE_0214,False
789,Rainwater has pooled just outside Peelamedu Pudur and isn't draining away. This has been the case for a few weeks.,Drainage,Waterlogging,11.02602,77.035455,2026-07-28 03:02,ISSUE_0274,True
790,This junction's signal in the Uppilipalayam locality has been unreliable for days now. Noticed it this morning while passing by. This has been the case since yesterday.,Road,Traffic signal,10.990062,77.023572,2026-07-09 16:01,ISSUE_0089,True
791,A section of the road at Town Hall has caved in slightly on one side. Noticed it this morning while passing by.,Road,Road damage,10.992203,76.96337,2026-08-18 19:01,ISSUE_0050,True
792,"Vehicles are struggling over the broken patch of road along the stretch near Chinniampalayam. Children walk through this area every day, so it needs urgent attention.",Road,Road damage,11.086307,77.016623,2026-07-31 08:33,ISSUE_0043,True
793,The entire stretch just outside Podanur looks like it hasn't been repaired in years. Several people in the area have noticed this.,Road,Road damage,10.968612,76.973952,2026-07-16 07:17,ISSUE_0045,True
794,The garbage van skipped our street close to Avinashi Road again this week.,Sanitation,Garbage collection,11.021958,77.002287,2026-07-20 12:29,ISSUE_0154,True
795,Bins around the Kovaipudur area are full and spilling onto the footpath. This is becoming a regular nuisance for residents.,Sanitation,Garbage collection,10.940994,76.915495,2026-07-25 03:47,ISSUE_0158,True
796,The open drain along the stretch near Avinashi Road has been overflowing since the last rain.,Drainage,Drain overflow,11.022133,76.999909,2026-07-30 20:46,ISSUE_0236,True
797,Sewage is backing up just outside Kovaipudur because the drain is clogged. This has been ignored despite earlier complaints.,Drainage,Drain overflow,10.940094,76.917447,2026-07-08 23:21,ISSUE_0231,True
798,"Wires are hanging dangerously low near Eachanari, almost touching pedestrians. This has been ignored despite earlier complaints. This has been the case for the past two days.",Electricity,Electrical hazard,10.953866,76.954834,2026-08-04 05:50,ISSUE_0413,True
799,Water only trickles in front of Sitra for a few minutes instead of the usual hour. This has been the case for a few weeks.,Water,Water supply,10.97462,76.997774,2026-08-16 15:03,ISSUE_0299,True
800,The supplied water near Ondipudur appears contaminated with sediment. Several people in the area have noticed this.,Water,Water quality,11.003335,77.044733,2026-07-11 17:28,ISSUE_0338,True
801,"The light beside the Sowripalayam bus stop flickers on and off intermittently, never staying lit. Vehicles are getting damaged because of this.",Streetlight,Broken streetlight,11.001051,76.992708,2026-08-10 02:41,ISSUE_0126,True
802,There is a deep pothole at Vadavalli Market that vehicles keep hitting. This is becoming a regular nuisance for residents.,Road,Pothole,11.01963,76.905343,2026-07-20 10:50,ISSUE_0011,True
803,The waterlogging in front of Vilankurichi is making it impossible for two-wheelers to pass.,Drainage,Waterlogging,11.016776,77.017011,2026-07-01 18:25,ISSUE_0284,False
804,Heavy waterlogging has returned in front of Ramanathapuram after the recent showers. Vehicles are getting damaged because of this.,Drainage,Waterlogging,10.99433,76.984499,2026-08-14 22:33,ISSUE_0270,True
805,"Residents near Vellalore are frustrated with the inconsistent garbage pickup. Children walk through this area every day, so it needs urgent attention. This has been the case for the past two days.",Sanitation,Garbage collection,10.945894,76.995561,2026-07-08 17:57,ISSUE_0151,True
806,"There's no signal control near Singanallur at all, it seems to have shut down. This has been the case since yesterday.",Road,Traffic signal,10.999242,77.030865,2026-07-09 11:13,ISSUE_0111,False
807,"Bikers keep swerving at Vilankurichi because of a hidden pothole. Not a big problem yet, just flagging it. This has been the case since yesterday.",Road,Pothole,11.013223,77.018475,2026-07-22 23:15,ISSUE_0017,True
808,This area in the Ramanathapuram locality always floods whenever there's heavy rain. It's a small issue but worth noting.,Drainage,Waterlogging,10.994586,76.984917,2026-07-16 21:40,ISSUE_0270,True
809,Flies and stray dogs are gathering around the uncollected waste around the Malumichampatti area. Noticed it this morning while passing by. This has been the case for several days.,Sanitation,Garbage collection,10.926919,76.987992,2026-07-08 06:40,ISSUE_0177,False
810,There is no proper garbage pickup happening on the Kovaipudur main road this month. It's a small issue but worth noting.,Sanitation,Garbage collection,10.941873,76.914866,2026-08-20 11:26,ISSUE_0158,True
811,I nearly lost control of my bike because of a pothole close to Eachanari. Vehicles are getting damaged because of this.,Road,Pothole,10.953627,76.954989,2026-07-04 14:49,ISSUE_0008,True
812,The pole close to Ukkadam has visible sparking whenever it rains.,Electricity,Electrical hazard,10.993811,76.959874,2026-08-08 02:59,ISSUE_0407,True
813,We lost power on the Sitra main road hours ago and there's still no sign of restoration.,Electricity,Power outage,10.973763,76.999318,2026-08-17 23:02,ISSUE_0378,True
814,The smell from the overflowing drain beside the Selvapuram bus stop is unbearable. Many residents in the area are affected by this. This has been the case for the past two days.,Drainage,Drain overflow,10.988752,76.931852,2026-07-16 15:14,ISSUE_0235,True
815,Complaints about foul-smelling water around the Peelamedu area have increased this month. This has been the case since last week.,Water,Water quality,11.026646,77.025945,2026-07-31 12:50,ISSUE_0344,True
816,Water levels near Ondipudur rose quickly during the storm and haven't gone down. Several people in the area have noticed this. This has been the case for the past two days.,Drainage,Waterlogging,11.001376,77.048347,2026-07-21 12:53,ISSUE_0292,False
817,Water is accumulating close to Thudiyalur after yesterday's rain. Noticed it this morning while passing by.,Drainage,Waterlogging,11.082107,76.946818,2026-08-14 07:15,ISSUE_0267,True
818,The road surface at Podanur is cracked and breaking apart in several places.,Road,Road damage,10.967882,76.97379,2026-08-15 06:33,ISSUE_0045,True
819,The water around the Sundarapuram area turned cloudy after the last supply cycle.,Water,Water quality,10.97767,76.966002,2026-07-09 20:43,ISSUE_0346,False
820,Pedestrians are wading through ankle-deep water just outside Vellalore. This has been the case for over a month now.,Drainage,Waterlogging,10.944933,76.995223,2026-07-02 10:42,ISSUE_0268,True
821,Signal timing close to Uppilipalayam seems completely off compared to actual traffic flow. It is causing inconvenience to daily commuters.,Road,Traffic signal,10.989618,77.023429,2026-08-01 21:57,ISSUE_0089,True
822,The street near Mettupalayam Road looks unhygienic due to missed garbage collection.,Sanitation,Garbage collection,11.046438,76.948607,2026-07-20 17:09,ISSUE_0153,True
823,Households beside the Hopes College bus stop are struggling without a consistent water supply. It is causing inconvenience to daily commuters. This has been the case since last week.,Water,Water supply,11.006944,76.943244,2026-07-12 11:12,ISSUE_0297,True
824,A broken electrical fixture close to Ondipudur is sparking intermittently. Several people in the area have noticed this.,Electricity,Electrical hazard,11.004853,77.046951,2026-07-19 00:45,ISSUE_0408,True
825,The bulb along the stretch near Ganapathy Bus Stand seems to have burnt out and no one has replaced it.,Streetlight,Broken streetlight,11.03343,76.969949,2026-08-03 11:20,ISSUE_0143,False
826,Waste keeps piling up near Mettupalayam Road because collection has stopped coming on schedule.,Sanitation,Garbage collection,11.044113,76.95369,2026-07-12 02:49,ISSUE_0166,False
827,People are dumping garbage on the empty plot along the stretch near Selvapuram regularly. This has been the case since the last heavy rain.,Sanitation,Waste dumping,10.988743,76.936135,2026-07-15 13:18,ISSUE_0193,True
828,The area beside the Mettupalayam Road bus stop has garbage strewn about since the truck didn't show up. This has been the case for quite some time.,Sanitation,Garbage collection,11.045925,76.947237,2026-08-03 02:52,ISSUE_0153,True
829,Sewage is backing up beside the Malumichampatti bus stop because the drain is clogged.,Drainage,Drain overflow,10.928259,76.983722,2026-08-17 12:14,ISSUE_0252,False
830,Residents on the Kavundampalayam Bypass main road are dealing with overflow from a blocked drain.,Drainage,Drain overflow,11.05434,76.950373,2026-07-12 02:37,ISSUE_0257,False
831,Several two-wheeler riders have complained about the pothole in front of Kuniyamuthur. This has been the case for a few weeks.,Road,Pothole,10.967716,76.95086,2026-07-23 14:07,ISSUE_0010,True
832,Power supply just outside Lakshmi Mills keeps fluctuating before cutting off completely. Many residents in the area are affected by this.,Electricity,Power outage,11.008301,76.955206,2026-07-26 19:08,ISSUE_0381,True
833,There's a hole in the road surface just outside Race Course that's been there for a while.,Road,Pothole,10.995683,76.957817,2026-08-16 09:04,ISSUE_0003,True
834,An exposed cable at Kavundampalayam Bypass poses a serious shock risk to children playing nearby. This has been the case for over a month now.,Electricity,Electrical hazard,11.0487,76.948778,2026-07-29 23:27,ISSUE_0439,False
835,Pedestrians are wading through ankle-deep water just outside Ramanathapuram. Several people in the area have noticed this.,Drainage,Waterlogging,10.99492,76.984535,2026-08-16 04:56,ISSUE_0270,True
836,The street near Race Course looks unhygienic due to missed garbage collection. It's a small issue but worth noting.,Sanitation,Garbage collection,10.998584,76.955957,2026-07-15 20:40,ISSUE_0162,True
837,"The supply line at Neelambur appears to have a leak, reducing pressure downstream. This is becoming a regular nuisance for residents.",Water,Water supply,10.997325,77.061582,2026-07-12 07:00,ISSUE_0307,True
838,"This exposed wiring in front of Kovaipudur is a serious safety hazard for the whole street. Not a big problem yet, just flagging it.",Electricity,Electrical hazard,10.942094,76.917878,2026-07-06 08:44,ISSUE_0417,True
839,Walking in the Saibaba Colony locality after dark feels unsafe due to the broken light. Noticed it this morning while passing by.,Streetlight,Broken streetlight,11.019176,76.936121,2026-07-19 06:29,ISSUE_0119,True
840,The junction box on the Ukkadam main road has been left open with live connections inside. This is becoming a regular nuisance for residents.,Electricity,Electrical hazard,10.994121,76.960719,2026-07-22 00:23,ISSUE_0407,True
841,An open junction box in front of Trichy Road has exposed wiring visible to anyone passing.,Electricity,Electrical hazard,10.9865,77.006144,2026-07-18 17:44,ISSUE_0420,True
842,An exposed cable just outside Kuniyamuthur poses a serious shock risk to children playing nearby. Noticed it this morning while passing by. This has been the case for a few weeks.,Electricity,Electrical hazard,10.971186,76.95121,2026-07-31 14:28,ISSUE_0404,True
843,Drain water close to Vadavalli Market has been overflowing onto the road for days. Many residents in the area are affected by this. This has been the case for over a month now.,Drainage,Drain overflow,11.020605,76.908413,2026-08-03 00:02,ISSUE_0234,True
844,Someone dumped a truckload of rubble in the Vellalore locality blocking part of the footpath. It is causing inconvenience to daily commuters. This has been the case for several days.,Sanitation,Waste dumping,10.944889,76.989421,2026-07-01 18:12,ISSUE_0187,True
845,Water pressure beside the Saravanampatti bus stop has been extremely low this week.,Water,Water supply,11.071514,77.005641,2026-07-29 21:40,ISSUE_0308,True
846,"The electric pole around the Vadavalli Bridge area looks tilted and unstable, possibly a hazard. Several people in the area have noticed this.",Electricity,Electrical hazard,11.024267,76.898491,2026-07-04 01:56,ISSUE_0431,False
847,The pole along the stretch near Peelamedu Pudur has visible sparking whenever it rains. This has been the case for several days.,Electricity,Electrical hazard,11.025789,77.032949,2026-08-16 03:28,ISSUE_0434,False
848,The traffic light beside the Ondipudur Bypass bus stop has been broken since the storm last week. Noticed it this morning while passing by. This has been the case for the past two days.,Road,Traffic signal,11.00762,77.051049,2026-08-09 21:49,ISSUE_0084,True
849,Residents in front of Mettupalayam Road are frustrated with the inconsistent garbage pickup. It is causing inconvenience to daily commuters.,Sanitation,Garbage collection,11.047574,76.947498,2026-07-02 01:49,ISSUE_0159,True
850,Sewage water at Ram Nagar is flowing directly onto the pavement. This is unsafe and could lead to an accident.,Drainage,Drain overflow,10.998722,76.960733,2026-08-12 08:58,ISSUE_0225,True
851,We haven't received municipal water beside the Ondipudur Bypass bus stop on the usual schedule.,Water,Water supply,11.007351,77.046561,2026-07-03 21:20,ISSUE_0314,False
852,Traffic backs up in the Ondipudur Bypass locality every morning because the signal cycle is too short.,Road,Traffic signal,11.007551,77.049974,2026-08-02 17:24,ISSUE_0084,True
853,Trash is spilling out of the bins in the Race Course locality onto the road. Several people in the area have noticed this.,Sanitation,Garbage collection,10.998051,76.955469,2026-07-29 00:32,ISSUE_0162,True
854,The corporation truck used to come daily along the stretch near Race Course but now it's very irregular.,Sanitation,Garbage collection,10.997702,76.956014,2026-07-27 15:53,ISSUE_0162,True
855,Garbage bags are being thrown on the Gandhipuram main road instead of using the designated bins. It is causing inconvenience to daily commuters.,Sanitation,Waste dumping,11.01649,76.967002,2026-07-20 17:39,ISSUE_0212,False
856,The signal pole in the Vadavalli locality looks damaged and the lights aren't lighting up. Elderly residents are finding it especially difficult.,Road,Traffic signal,11.021517,76.90284,2026-07-26 02:09,ISSUE_0078,True
857,Cars are slowing down suddenly around the Kuniyamuthur area to avoid a deep pothole. It is causing inconvenience to daily commuters.,Road,Pothole,10.966531,76.950785,2026-07-04 15:09,ISSUE_0010,True
858,Power supply close to Sathyamangalam Road keeps fluctuating before cutting off completely. Several people in the area have noticed this.,Electricity,Power outage,11.04127,77.034075,2026-07-20 14:04,ISSUE_0371,True
859,The whole neighborhood around the Ganapathy Bus Stand area lost power after a loud noise from the transformer. This needs to be fixed immediately before someone gets hurt.,Electricity,Power outage,11.034102,76.967504,2026-07-06 06:32,ISSUE_0398,False
860,There's visible road erosion on the Peelamedu main road near the shoulder. Several people in the area have noticed this.,Road,Road damage,11.028947,77.024494,2026-07-31 11:03,ISSUE_0046,True
861,Kids playing along the stretch near Kavundampalayam in the evening have almost no visibility once it gets dark. Elderly residents are finding it especially difficult.,Streetlight,Broken streetlight,11.049465,76.947622,2026-08-17 01:00,ISSUE_0118,True
862,The countdown timer on the signal around the Vadavalli area is not showing correctly. This is becoming a regular nuisance for residents. This has been the case for several days.,Road,Traffic signal,11.020304,76.90634,2026-08-17 08:42,ISSUE_0077,True
863,Water has been standing in the Saibaba Colony locality for hours since the downpour. This is becoming a regular nuisance for residents.,Drainage,Waterlogging,11.018026,76.938357,2026-08-05 18:25,ISSUE_0266,True
864,A broken electrical fixture around the Singanallur area is sparking intermittently.,Electricity,Electrical hazard,11.00183,77.028942,2026-07-01 19:22,ISSUE_0405,True
865,The road surface just outside Trichy Road is cracked and breaking apart in several places. It's a small issue but worth noting.,Road,Road damage,10.98799,77.007468,2026-07-26 14:37,ISSUE_0056,False
866,"There's no signal control beside the Kuniyamuthur bus stop at all, it seems to have shut down. This has been ignored despite earlier complaints.",Road,Traffic signal,10.968238,76.953236,2026-07-17 04:03,ISSUE_0083,True
867,The underpass around the Ramanathapuram area is submerged and impassable after the rain.,Drainage,Waterlogging,10.995313,76.984583,2026-07-27 16:55,ISSUE_0270,True
868,"The light close to Sowripalayam flickers on and off intermittently, never staying lit. Elderly residents are finding it especially difficult.",Streetlight,Broken streetlight,11.00046,76.992083,2026-07-02 14:49,ISSUE_0126,True
869,Bins around the Race Course area are full and spilling onto the footpath. This has been the case for quite some time.,Sanitation,Garbage collection,10.998435,76.956719,2026-07-25 19:05,ISSUE_0162,True
870,The road around the Kalapatti area has eroded badly after the recent rains.,Road,Road damage,11.074304,77.030952,2026-07-28 07:15,ISSUE_0054,True
871,Loose gravel and broken tar cover the stretch just outside Hopes College. This has been the case since yesterday.,Road,Road damage,11.011058,76.939406,2026-07-04 09:50,ISSUE_0074,False
872,There's been an unscheduled power cut just outside Malumichampatti for hours together. It is causing inconvenience to daily commuters.,Electricity,Power outage,10.925595,76.984515,2026-07-07 19:27,ISSUE_0372,True
873,Construction waste is being dumped in the Trichy Road locality despite it being a residential area. Several people in the area have noticed this.,Sanitation,Waste dumping,10.98767,77.006894,2026-08-09 05:51,ISSUE_0198,True
874,Walking in the Uppilipalayam locality after dark feels unsafe due to the broken light. This is becoming a regular nuisance for residents.,Streetlight,Broken streetlight,10.986543,77.02076,2026-07-09 08:51,ISSUE_0147,False
875,Dirty water from the drain at Avinashi Road is spilling onto the footpath. This is becoming a regular nuisance for residents.,Drainage,Drain overflow,11.021888,77.000217,2026-08-08 15:46,ISSUE_0236,True
876,Households at Town Hall are struggling without a consistent water supply. Several people in the area have noticed this.,Water,Water supply,10.994619,76.96446,2026-07-01 14:41,ISSUE_0298,True
877,This drain close to Ram Nagar hasn't been cleaned in a long time and is now overflowing. It's a small issue but worth noting. This has been the case since the last heavy rain.,Drainage,Drain overflow,10.999227,76.960868,2026-08-12 20:53,ISSUE_0225,True
878,The waterlogging on the Race Course main road is making it impossible for two-wheelers to pass. Noticed it this morning while passing by.,Drainage,Waterlogging,10.994982,76.955849,2026-07-23 12:57,ISSUE_0273,True
879,There's been an irregular water supply along the stretch near Trichy Road for over a week now. This has been the case since yesterday.,Water,Water supply,10.986527,77.011529,2026-07-14 06:39,ISSUE_0322,False
880,Commuters around the Pollachi Road area are relying on vehicle headlights since there's no street lighting.,Streetlight,Broken streetlight,10.935499,76.971237,2026-08-11 08:46,ISSUE_0128,False
881,We lost power along the stretch near Lakshmi Mills hours ago and there's still no sign of restoration.,Electricity,Power outage,11.007736,76.955056,2026-07-05 23:28,ISSUE_0381,True
882,The road on the Uppilipalayam main road is filled with knee-deep water right now. This has been ignored despite earlier complaints.,Drainage,Waterlogging,10.987901,77.025588,2026-07-30 17:50,ISSUE_0259,True
883,There's a pile of household waste building up at Gandhipuram. It is causing inconvenience to daily commuters.,Sanitation,Garbage collection,11.014539,76.965009,2026-08-13 06:14,ISSUE_0168,False
884,The sewage line beside the Ramanathapuram bus stop appears to have backed up and is overflowing.,Drainage,Drain overflow,10.997264,76.980807,2026-08-13 14:21,ISSUE_0230,True
885,"Someone needs to stop the dumping near Sowripalayam, it's turning into a health hazard. This has been the case for the past two days.",Sanitation,Waste dumping,10.998084,76.995034,2026-07-27 02:33,ISSUE_0203,False
886,There are exposed live wires hanging around the Trichy Road area which is very dangerous. Several people in the area have noticed this.,Electricity,Electrical hazard,10.986991,77.005587,2026-07-25 20:26,ISSUE_0420,True
887,"The junction in the Town Hall locality has no working signal, causing confusion at peak hours. This is becoming a regular nuisance for residents.",Road,Traffic signal,10.994009,76.961624,2026-07-17 18:56,ISSUE_0086,True
888,Water pressure in the Vilankurichi locality has been extremely low this week.,Water,Water supply,11.016793,77.015437,2026-07-14 12:33,ISSUE_0330,False
889,The streetlight on the Saibaba Colony main road was damaged in a storm and hasn't been fixed. Many residents in the area are affected by this. This has been the case since the last heavy rain.,Streetlight,Broken streetlight,11.0205,76.936644,2026-07-02 03:00,ISSUE_0119,True
890,The water just outside Avinashi Road turned cloudy after the last supply cycle. Several people in the area have noticed this.,Water,Water quality,11.019934,77.005759,2026-07-04 21:13,ISSUE_0355,False
891,There's a bad smell in the drinking water on the Thudiyalur main road. This has been the case for the past two days.,Water,Water quality,11.080481,76.941185,2026-08-16 13:28,ISSUE_0343,True
892,"Rainwater is not draining near Rathinapuri, leaving the road waterlogged for days. The entire road is submerged and impassable.",Drainage,Waterlogging,10.988676,76.944712,2026-07-25 05:07,ISSUE_0271,True
893,There's a bad smell in the drinking water around the Peelamedu area.,Water,Water quality,11.027789,77.025836,2026-07-14 02:52,ISSUE_0344,True
894,"The damaged pole in front of Ramanathapuram has wires touching the compound wall, which is risky. This has been the case for the past two days.",Electricity,Electrical hazard,10.993541,76.984082,2026-07-31 08:04,ISSUE_0414,True
895,A deep pit has developed on the carriageway at Uppilipalayam.,Road,Pothole,10.985267,77.023407,2026-08-12 00:02,ISSUE_0023,False
896,"Someone has been illegally dumping construction debris in the Pollachi Road locality. Not a big problem yet, just flagging it.",Sanitation,Waste dumping,10.937252,76.970119,2026-08-02 00:45,ISSUE_0188,True
897,This drain around the Ondipudur area hasn't been cleaned in a long time and is now overflowing.,Drainage,Drain overflow,11.003901,77.047653,2026-08-18 06:09,ISSUE_0228,True
898,The drain just outside Sundarapuram overflows every time it rains even lightly. This has been ignored despite earlier complaints.,Drainage,Drain overflow,10.972761,76.968196,2026-07-07 10:26,ISSUE_0226,True
899,Loose stones and debris from the broken road around the Ram Nagar area are a hazard for two-wheelers. This has been the case for quite some time.,Road,Road damage,11.002949,76.966662,2026-08-10 20:41,ISSUE_0048,True
900,Cross traffic in the Malumichampatti locality is a mess without a working signal. It's a small issue but worth noting. This has been the case since yesterday.,Road,Traffic signal,10.92395,76.984042,2026-08-09 04:36,ISSUE_0081,True
901,Sewage is backing up just outside Ondipudur because the drain is clogged. This is becoming a regular nuisance for residents.,Drainage,Drain overflow,11.004518,77.046959,2026-08-17 07:07,ISSUE_0228,True
902,"Bikers keep swerving on the Gandhipuram main road because of a hidden pothole. Not a big problem yet, just flagging it.",Road,Pothole,11.018761,76.966475,2026-08-08 13:18,ISSUE_0009,True
903,The quality of drinking water around the Pollachi Road area needs to be tested urgently. Several people in the area have noticed this.,Water,Water quality,10.933933,76.967517,2026-07-11 22:55,ISSUE_0341,True
904,Sparking has been seen near the streetlight wiring beside the Trichy Road bus stop at night. Many residents in the area are affected by this.,Electricity,Electrical hazard,10.984546,77.007679,2026-08-03 19:14,ISSUE_0406,True
905,The area along the stretch near Mettupalayam Road has garbage strewn about since the truck didn't show up. This has been the case for a few weeks.,Sanitation,Garbage collection,11.045289,76.948641,2026-07-25 21:27,ISSUE_0153,True
906,There's a bad smell in the drinking water at Pollachi Road. It's a small issue but worth noting.,Water,Water quality,10.933422,76.96714,2026-08-02 16:23,ISSUE_0336,True
907,People just outside Kalapatti are falling sick after drinking the tap water. This has been the case for over a month now.,Water,Water quality,11.071136,77.030914,2026-08-06 15:17,ISSUE_0342,True
908,We've had frequent power cuts close to Vadavalli throughout the week. Vehicles are getting damaged because of this.,Electricity,Power outage,11.021849,76.90383,2026-08-02 11:47,ISSUE_0401,False
909,People from outside the area are dumping trash close to Lakshmi Mills at night. It's a small issue but worth noting.,Sanitation,Waste dumping,11.009538,76.954341,2026-07-31 06:41,ISSUE_0215,False
910,There's a complete blackout at Ondipudur since the afternoon.,Electricity,Power outage,11.001772,77.04185,2026-07-22 12:53,ISSUE_0383,False
911,"Electricity just outside Lakshmi Mills has been unstable, going off every few hours. Not a big problem yet, just flagging it.",Electricity,Power outage,11.008451,76.956509,2026-08-12 14:09,ISSUE_0381,True
912,The drain outlet just outside Kavundampalayam is blocked with plastic waste causing an overflow.,Drainage,Drain overflow,11.050936,76.947861,2026-07-28 09:18,ISSUE_0258,False
913,The road surface around the Kalapatti area is bumpy and uneven due to wear and tear.,Road,Road damage,11.074985,77.030697,2026-08-03 17:27,ISSUE_0054,True
914,A blocked drain in front of Avinashi Road is causing water to stagnate near the shops. This has been the case since yesterday.,Drainage,Drain overflow,11.022024,77.000213,2026-07-13 06:03,ISSUE_0236,True
915,Kids in the house got stomach infections after using the water on the Kavundampalayam main road. This is a serious safety risk for everyone nearby.,Water,Water quality,11.050349,76.942995,2026-07-30 13:43,ISSUE_0340,True
916,"Rainwater is not draining beside the Ganapathy Bus Stand bus stop, leaving the road waterlogged for days. Children walk through this area every day, so it needs urgent attention.",Drainage,Waterlogging,11.036614,76.964008,2026-07-23 20:04,ISSUE_0278,False
917,The pole close to Selvapuram is standing but the light on top isn't working. Elderly residents are finding it especially difficult. This has been the case for several days.,Streetlight,Broken streetlight,10.986544,76.93235,2026-07-25 11:49,ISSUE_0120,True
918,"There's barely any pressure in the pipes beside the Neelambur bus stop, water just dribbles out. Many residents in the area are affected by this.",Water,Water supply,10.998523,77.06171,2026-07-13 02:23,ISSUE_0307,True
919,Complaints about foul-smelling water on the Kavundampalayam main road have increased this month.,Water,Water quality,11.049424,76.942534,2026-07-06 14:01,ISSUE_0340,True
920,"Please fix the pothole at Ramanathapuram, it's damaging vehicle tyres.",Road,Pothole,10.997764,76.981806,2026-07-15 19:19,ISSUE_0002,True
921,"The signal near Kuniyamuthur is out of sync, causing jams in every direction. This is becoming a regular nuisance for residents.",Road,Traffic signal,10.972608,76.952572,2026-08-06 11:50,ISSUE_0107,False
922,Collection beside the Vellalore bus stop used to be regular but has become very irregular lately.,Sanitation,Garbage collection,10.946756,76.996276,2026-08-11 23:38,ISSUE_0151,True
923,"Cracks have widened over time on the road in the Race Course locality, it needs resurfacing. Noticed it this morning while passing by. This has been the case since the last heavy rain.",Road,Road damage,10.999111,76.954927,2026-08-20 01:10,ISSUE_0058,False
924,Power cuts near Lakshmi Mills are becoming a daily routine lately. This has been the case for quite some time.,Electricity,Power outage,11.008572,76.956281,2026-08-19 18:19,ISSUE_0381,True
925,Construction vehicles have worsened the already damaged road on the Sathyamangalam Road main road.,Road,Road damage,11.040444,77.034478,2026-08-06 23:22,ISSUE_0052,True
926,It's been a long outage on the Sitra main road and appliances have been idle all day.,Electricity,Power outage,10.972592,76.998834,2026-07-09 13:08,ISSUE_0378,True
927,"The pipeline just outside Uppilipalayam seems to have an interruption, no water is coming through. It's a small issue but worth noting. This has been the case for several days.",Water,Water supply,10.984508,77.024784,2026-07-09 19:01,ISSUE_0306,True
928,"The signal in the Singanallur locality is out of sync, causing jams in every direction. It's a small issue but worth noting.",Road,Traffic signal,11.004754,77.028393,2026-07-14 15:51,ISSUE_0105,False
929,The community bin in the Race Course locality is overflowing with no sign of the collection crew.,Sanitation,Garbage collection,10.999053,76.955617,2026-07-27 08:37,ISSUE_0162,True
930,Heavy waterlogging has returned beside the Peelamedu Pudur bus stop after the recent showers. Many residents in the area are affected by this.,Drainage,Waterlogging,11.027224,77.034858,2026-07-17 10:19,ISSUE_0274,True
931,People are dumping garbage on the empty plot near Sowripalayam regularly. Several people in the area have noticed this. This has been the case since the last heavy rain.,Sanitation,Waste dumping,11.001964,76.991344,2026-08-20 21:48,ISSUE_0185,True
932,Waste keeps piling up along the stretch near Kuniyamuthur because collection has stopped coming on schedule. This has been ignored despite earlier complaints.,Sanitation,Garbage collection,10.971415,76.950039,2026-07-08 11:04,ISSUE_0152,True
933,The overhead tank around the Pollachi Road area isn't filling properly due to supply issues.,Water,Water supply,10.934305,76.967503,2026-07-30 15:07,ISSUE_0312,False
934,The traffic signal close to Malumichampatti went completely dark this evening. It's a small issue but worth noting. This has been the case since yesterday.,Road,Traffic signal,10.923919,76.983873,2026-08-03 22:56,ISSUE_0081,True
935,Trash is spilling out of the bins close to Kavundampalayam onto the road. Noticed it this morning while passing by.,Sanitation,Garbage collection,11.049547,76.941685,2026-07-20 09:41,ISSUE_0149,True
936,A pile of dumped waste has appeared in the Ukkadam locality overnight. This has been the case for several days.,Sanitation,Waste dumping,10.991413,76.955937,2026-07-07 04:11,ISSUE_0195,True
937,There's a foul-smelling dump pile along the stretch near Vellalore that keeps growing.,Sanitation,Waste dumping,10.94419,76.993836,2026-07-28 05:55,ISSUE_0196,True
938,Someone dumped a truckload of rubble just outside Vellalore blocking part of the footpath. Noticed it this morning while passing by.,Sanitation,Waste dumping,10.944856,76.989477,2026-07-19 02:26,ISSUE_0187,True
939,"It's pitch dark beside the Sitra bus stop at night because the streetlight is broken. Not a big problem yet, just flagging it.",Streetlight,Broken streetlight,10.971662,76.996505,2026-08-13 17:17,ISSUE_0117,True
940,We've had frequent power cuts in the Sitra locality throughout the week. This has been the case since the last heavy rain.,Electricity,Power outage,10.973694,76.999654,2026-07-13 21:24,ISSUE_0378,True
941,Rainwater has pooled in front of Saibaba Colony and isn't draining away.,Drainage,Waterlogging,11.01977,76.937003,2026-08-08 13:42,ISSUE_0277,False
942,The drain near the junction on the Neelambur main road is choked with debris and overflowing. Many residents in the area are affected by this.,Drainage,Drain overflow,10.99905,77.063802,2026-08-14 23:22,ISSUE_0232,True
943,"Rainwater is not draining in front of Saravanampatti, leaving the road waterlogged for days. This is becoming a regular nuisance for residents.",Drainage,Waterlogging,11.073494,77.006533,2026-07-08 16:22,ISSUE_0260,True
944,We are forced to buy bottled water because the tap water beside the Ram Nagar bus stop is unsafe. Several people in the area have noticed this.,Water,Water quality,11.000085,76.961512,2026-08-18 23:44,ISSUE_0335,True
945,The culvert close to Malumichampatti is clogged and water is spilling over the road. This has been the case for over a month now.,Drainage,Drain overflow,10.924954,76.984877,2026-07-02 19:03,ISSUE_0239,False
946,Construction vehicles have worsened the already damaged road in front of Chinniampalayam.,Road,Road damage,11.08663,77.016765,2026-07-03 08:19,ISSUE_0043,True
947,People on the Neelambur main road are avoiding the footpath because of overflowing drain water. Elderly residents are finding it especially difficult.,Drainage,Drain overflow,10.99923,77.064202,2026-07-08 20:02,ISSUE_0232,True
948,"Electricity in the Lakshmi Mills locality has been unstable, going off every few hours. Not a big problem yet, just flagging it. This has been the case for over a month now.",Electricity,Power outage,11.007483,76.955357,2026-08-16 14:55,ISSUE_0381,True
949,"Rainwater is not draining near Ramanathapuram, leaving the road waterlogged for days.",Drainage,Waterlogging,10.994702,76.98549,2026-08-02 13:40,ISSUE_0285,False
950,The lamp on the Sitra main road used to work fine but has been dead for a month. This is becoming a regular nuisance for residents.,Streetlight,Broken streetlight,10.972115,76.995797,2026-07-17 23:35,ISSUE_0117,True
951,"There's no signal control in front of Vadavalli at all, it seems to have shut down.",Road,Traffic signal,11.020095,76.906712,2026-07-07 15:27,ISSUE_0097,False
952,The drain near the junction near Hopes College is choked with debris and overflowing. This has been ignored despite earlier complaints.,Drainage,Drain overflow,11.009348,76.944378,2026-08-11 05:54,ISSUE_0224,True
953,"Wires are hanging dangerously low beside the Trichy Road bus stop, almost touching pedestrians.",Electricity,Electrical hazard,10.987366,77.006552,2026-08-13 02:10,ISSUE_0420,True
954,The corporation truck used to come daily just outside Avinashi Road but now it's very irregular.,Sanitation,Garbage collection,11.022152,77.002319,2026-08-16 11:52,ISSUE_0154,True
955,"The junction at Selvapuram has no working signal, causing confusion at peak hours. Vehicles are getting damaged because of this.",Road,Traffic signal,10.988719,76.935279,2026-08-18 13:46,ISSUE_0080,True
956,The quality of drinking water around the Chinniampalayam area needs to be tested urgently.,Water,Water quality,11.090393,77.021519,2026-07-12 17:46,ISSUE_0354,False
957,The color of the water at Ukkadam changes between clear and brownish. The water appears contaminated and unsafe to use.,Water,Water quality,10.996492,76.957892,2026-07-17 00:42,ISSUE_0360,False
958,The garbage van skipped our street in front of Mettupalayam Road again this week. This is becoming a regular nuisance for residents.,Sanitation,Garbage collection,11.046672,76.948269,2026-08-14 00:13,ISSUE_0153,True
959,Truckloads of debris have been dumped along the stretch near Trichy Road without any authorization. This has been the case for a few weeks.,Sanitation,Waste dumping,10.988092,77.005796,2026-07-10 08:51,ISSUE_0198,True
960,There is no proper garbage pickup happening close to Vellalore this month. It's a small issue but worth noting.,Sanitation,Garbage collection,10.946043,76.995214,2026-07-12 16:05,ISSUE_0151,True
961,Shops close to Rathinapuri are getting flooded because the road can't drain the water. This is a serious safety risk for everyone nearby.,Drainage,Waterlogging,10.98848,76.944537,2026-07-04 09:01,ISSUE_0271,True
962,Electricity close to Ondipudur went out during the storm and hasn't returned. This has been the case for quite some time.,Electricity,Power outage,11.006999,77.043559,2026-08-18 07:44,ISSUE_0376,True
963,A fallen wire on the Kovaipudur main road is lying across the footpath unattended.,Electricity,Electrical hazard,10.940809,76.917763,2026-08-07 00:05,ISSUE_0417,True
964,"Power outages along the stretch near Vadavalli are happening almost every other day now. Not a big problem yet, just flagging it.",Electricity,Power outage,11.024911,76.90459,2026-08-18 02:35,ISSUE_0386,False
965,The scheduled water supply around the Ondipudur area did not arrive again today. Noticed it this morning while passing by.,Water,Water supply,11.008454,77.047131,2026-08-04 17:43,ISSUE_0318,False
966,"Construction vehicles have worsened the already damaged road close to Kuniyamuthur. Not a big problem yet, just flagging it.",Road,Road damage,10.972602,76.952986,2026-08-03 06:40,ISSUE_0059,False
967,The cable near the pole in front of Trichy Road looks frayed and dangerous. Vehicles are getting damaged because of this.,Electricity,Electrical hazard,10.985469,77.007647,2026-08-16 02:56,ISSUE_0406,True
968,Illegal dumping at Malumichampatti is attracting stray dogs and pests. Many residents in the area are affected by this. This has been the case since last week.,Sanitation,Waste dumping,10.926573,76.989463,2026-07-15 00:44,ISSUE_0205,False
969,"Cracks have widened over time on the road in the Chinniampalayam locality, it needs resurfacing. This is a serious safety risk for everyone nearby. This has been the case since last week.",Road,Road damage,11.086394,77.017819,2026-07-20 13:43,ISSUE_0043,True
970,"There's no signal control near Selvapuram at all, it seems to have shut down.",Road,Traffic signal,10.988552,76.935927,2026-07-30 00:17,ISSUE_0080,True
971,The traffic light around the Selvapuram area has been broken since the storm last week. Several people in the area have noticed this.,Road,Traffic signal,10.988763,76.935825,2026-07-30 03:33,ISSUE_0080,True
972,Flies and stray dogs are gathering around the uncollected waste close to Eachanari. Noticed it this morning while passing by. This has been the case since yesterday.,Sanitation,Garbage collection,10.951196,76.952306,2026-08-04 17:12,ISSUE_0150,True
973,The pole in the Ramanathapuram locality has visible sparking whenever it rains. Many residents in the area are affected by this.,Electricity,Electrical hazard,10.992837,76.984255,2026-07-15 06:57,ISSUE_0414,True
974,"The damaged stretch just outside Podanur is especially hard to navigate after rain. Not a big problem yet, just flagging it. This has been the case for quite some time.",Road,Road damage,10.968891,76.973739,2026-07-10 15:15,ISSUE_0045,True
975,"Sparks flew from a transformer just outside Trichy Road during the rain, which was alarming.",Electricity,Electrical hazard,10.986754,77.006908,2026-07-29 20:26,ISSUE_0420,True
976,The water on the Peelamedu main road smells like it might be mixing with sewage somewhere. This has been ignored despite earlier complaints.,Water,Water quality,11.027511,77.025386,2026-07-11 03:03,ISSUE_0344,True
977,The sewage line just outside Ram Nagar appears to have backed up and is overflowing. This has been the case for quite some time.,Drainage,Drain overflow,10.9998,76.961321,2026-08-08 17:57,ISSUE_0225,True
978,It's hard to find the entrance in the Vadavalli locality at night with the light out.,Streetlight,Broken streetlight,11.018105,76.90482,2026-08-20 09:19,ISSUE_0136,False
979,The road in front of Peelamedu has eroded badly after the recent rains. This is becoming a regular nuisance for residents.,Road,Road damage,11.029566,77.024321,2026-07-15 10:47,ISSUE_0046,True
980,Illegal dumping around the Vellalore area is attracting stray dogs and pests.,Sanitation,Waste dumping,10.94435,76.993414,2026-08-05 11:01,ISSUE_0196,True
981,There's a complete blackout close to Podanur since the afternoon.,Electricity,Power outage,10.967299,76.973729,2026-07-05 20:04,ISSUE_0377,True
982,It's hard to find the entrance along the stretch near Avinashi Road at night with the light out. Noticed it this morning while passing by. This has been the case since the last heavy rain.,Streetlight,Broken streetlight,11.020659,77.003715,2026-08-13 22:58,ISSUE_0133,False
983,The traffic signal in the Kuniyamuthur locality went completely dark this evening. Several people in the area have noticed this.,Road,Traffic signal,10.967274,76.953427,2026-07-30 12:43,ISSUE_0083,True
984,The corner beside the Sowripalayam bus stop is filled with dumped waste that no one claims responsibility for. This has been the case since yesterday.,Sanitation,Waste dumping,11.001815,76.992422,2026-08-04 17:30,ISSUE_0185,True
985,The road beside the Race Course bus stop is filled with knee-deep water right now. Several people in the area have noticed this.,Drainage,Waterlogging,10.994993,76.955926,2026-08-07 12:08,ISSUE_0273,True
986,The vacant land along the stretch near Trichy Road has turned into an unofficial dumping ground. Elderly residents are finding it especially difficult.,Sanitation,Waste dumping,10.98784,77.005921,2026-07-29 19:37,ISSUE_0198,True
987,"The signal in front of Malumichampatti is out of sync, causing jams in every direction. This has been the case for a few weeks.",Road,Traffic signal,10.928934,76.988925,2026-08-17 14:31,ISSUE_0102,False
988,Rainwater has pooled along the stretch near Peelamedu Pudur and isn't draining away.,Drainage,Waterlogging,11.025968,77.035478,2026-07-09 03:06,ISSUE_0274,True
989,Sparks were seen coming from an electric pole along the stretch near Trichy Road yesterday. This is becoming a regular nuisance for residents.,Electricity,Electrical hazard,10.986625,77.005658,2026-07-03 18:28,ISSUE_0420,True
990,Rainwater has pooled on the Vellalore main road and isn't draining away. This has been the case for a few weeks.,Drainage,Waterlogging,10.941718,76.994587,2026-08-01 04:29,ISSUE_0280,False
991,The corporation truck used to come daily in front of Mettupalayam Road but now it's very irregular.,Sanitation,Garbage collection,11.045513,76.947296,2026-07-15 15:59,ISSUE_0153,True
992,The street on the Kurichi main road looks unhygienic due to missed garbage collection.,Sanitation,Garbage collection,10.961745,76.965059,2026-08-14 23:57,ISSUE_0155,True
993,People are dumping garbage on the empty plot in the Uppilipalayam locality regularly.,Sanitation,Waste dumping,10.986949,77.023642,2026-07-26 10:24,ISSUE_0199,False
994,The streetlight near RS Puram was damaged in a storm and hasn't been fixed. It's a small issue but worth noting.,Streetlight,Broken streetlight,11.004595,76.951797,2026-07-05 10:08,ISSUE_0124,True
995,The supplied water around the Peelamedu area appears contaminated with sediment. Several people in the area have noticed this.,Water,Water quality,11.031382,77.027228,2026-08-15 11:03,ISSUE_0364,False
996,Half the lane near Kalapatti has collapsed slightly due to poor drainage underneath.,Road,Road damage,11.073911,77.030747,2026-07-21 12:32,ISSUE_0054,True
997,People from outside the area are dumping trash beside the Malumichampatti bus stop at night. This is a serious safety risk for everyone nearby.,Sanitation,Waste dumping,10.926124,76.984213,2026-08-06 18:21,ISSUE_0219,False
998,A blocked drain along the stretch near Ramanathapuram is causing water to stagnate near the shops. This has been the case for a few weeks.,Drainage,Drain overflow,10.997758,76.9811,2026-07-27 09:08,ISSUE_0230,True
999,The road surface on the Sathyamangalam Road main road is bumpy and uneven due to wear and tear. Elderly residents are finding it especially difficult.,Road,Road damage,11.04042,77.034796,2026-08-02 02:10,ISSUE_0052,True
1000,Cars are slowing down suddenly on the Kuniyamuthur main road to avoid a deep pothole. Several people in the area have noticed this.,Road,Pothole,10.967149,76.950217,2026-07-07 20:22,ISSUE_0010,True
1001,The community bin along the stretch near Gandhipuram is overflowing with no sign of the collection crew.,Sanitation,Garbage collection,11.017149,76.965535,2026-07-03 21:19,ISSUE_0163,False
1002,The electric meter box along the stretch near Kovaipudur is open and wires are visible. This is becoming a regular nuisance for residents.,Electricity,Electrical hazard,10.941142,76.916688,2026-08-15 05:47,ISSUE_0417,True
1003,Trash is spilling out of the bins along the stretch near Hopes College onto the road.,Sanitation,Garbage collection,11.005386,76.944415,2026-07-14 04:25,ISSUE_0161,True
1004,Walking near Rathinapuri after dark feels unsafe due to the broken light. Several people in the area have noticed this.,Streetlight,Broken streetlight,10.986381,76.945654,2026-07-07 19:50,ISSUE_0116,True
1005,The road beside the Peelamedu Pudur bus stop is flooded again and vehicles are struggling to cross. Several people in the area have noticed this.,Drainage,Waterlogging,11.02698,77.035074,2026-07-13 02:07,ISSUE_0274,True
1006,The traffic signal near RS Puram has been stuck on red for a long time.,Road,Traffic signal,11.003864,76.948771,2026-07-28 23:46,ISSUE_0110,False
1007,Walking at Vadavalli after dark feels unsafe due to the broken light. Noticed it this morning while passing by. This has been the case for several days.,Streetlight,Broken streetlight,11.019961,76.903225,2026-07-16 19:28,ISSUE_0114,True
1008,"The streetlight wiring close to Singanallur looks damaged, possibly why it isn't lighting.",Streetlight,Broken streetlight,11.000828,77.023287,2026-07-28 17:24,ISSUE_0127,False
1009,Unauthorized dumping around the Ukkadam area has been happening for weeks now. This is becoming a regular nuisance for residents.,Sanitation,Waste dumping,10.990875,76.955738,2026-08-15 04:23,ISSUE_0195,True
1010,There's a complete blackout close to Sathyamangalam Road since the afternoon. This is a serious safety risk for everyone nearby.,Electricity,Power outage,11.041474,77.035136,2026-07-15 15:56,ISSUE_0371,True
1011,Water levels close to Peelamedu Pudur rose quickly during the storm and haven't gone down.,Drainage,Waterlogging,11.025923,77.035228,2026-07-04 15:59,ISSUE_0274,True
1012,"Drivers are ignoring the malfunctioning signal close to Vadavalli and crossing anyhow. Vehicles are moving in all directions with no signal control, it's chaotic.",Road,Traffic signal,11.022347,76.903701,2026-07-02 10:10,ISSUE_0078,True
1013,"Please fix the pothole beside the Pollachi Road bus stop, it's damaging vehicle tyres.",Road,Pothole,10.933137,76.966021,2026-07-14 12:36,ISSUE_0026,False
1014,The lamp in the Vellalore locality used to work fine but has been dead for a month. Elderly residents are finding it especially difficult.,Streetlight,Broken streetlight,10.944384,76.995914,2026-07-14 17:22,ISSUE_0122,True
1015,The whole street close to Podanur has been without power since last night. This has been the case since last week.,Electricity,Power outage,10.965629,76.973364,2026-07-24 16:28,ISSUE_0369,True
1016,The open plot in front of Trichy Road has become a dumping site for old furniture and debris. Vehicles are getting damaged because of this. This has been the case since last week.,Sanitation,Waste dumping,10.987355,77.007008,2026-08-09 18:03,ISSUE_0198,True
1017,Residents just outside Kovaipudur are frustrated with the inconsistent garbage pickup. This has been the case for several days.,Sanitation,Garbage collection,10.942401,76.919975,2026-08-19 15:56,ISSUE_0183,False
1018,Sewage is backing up along the stretch near Neelambur because the drain is clogged.,Drainage,Drain overflow,10.999104,77.064358,2026-08-04 04:53,ISSUE_0232,True
1019,The road around the Malumichampatti area has a large crater right in the middle of the lane.,Road,Pothole,10.929955,76.986696,2026-08-10 05:39,ISSUE_0021,False
1020,The water along the stretch near Ondipudur tastes odd and doesn't seem fit for drinking.,Water,Water quality,11.004106,77.044698,2026-08-12 07:29,ISSUE_0357,False
1021,Someone dumped a truckload of rubble along the stretch near Sathyamangalam Road blocking part of the footpath. This has been the case for a few weeks.,Sanitation,Waste dumping,11.042022,77.034304,2026-07-05 22:40,ISSUE_0206,False
1022,Households at Gandhipuram are struggling without a consistent water supply. It is causing inconvenience to daily commuters.,Water,Water supply,11.015395,76.963861,2026-08-07 05:01,ISSUE_0310,True
1023,Drain water on the Avinashi Road main road has been overflowing onto the road for days. This has been the case since the last heavy rain.,Drainage,Drain overflow,11.021456,77.000989,2026-08-14 08:51,ISSUE_0236,True
1024,"Please fix the pothole in the Saravanampatti locality, it's damaging vehicle tyres. It's a small issue but worth noting.",Road,Pothole,11.071863,77.007481,2026-07-12 11:51,ISSUE_0018,True
1025,The corporation water hasn't arrived beside the Vellalore bus stop for three days straight.,Water,Water supply,10.944047,76.992018,2026-07-08 19:35,ISSUE_0301,True
1026,Waste from nearby shops is being dumped near Kovaipudur instead of collected properly. Noticed it this morning while passing by.,Sanitation,Waste dumping,10.938821,76.916752,2026-08-12 16:01,ISSUE_0190,True
1027,Heavy waterlogging has returned beside the Thudiyalur bus stop after the recent showers. Many residents in the area are affected by this.,Drainage,Waterlogging,11.079157,76.941894,2026-07-12 08:41,ISSUE_0295,False
1028,The streetlight along the stretch near Rathinapuri was damaged in a storm and hasn't been fixed. This has been the case since the last heavy rain.,Streetlight,Broken streetlight,10.989678,76.943212,2026-07-18 06:52,ISSUE_0121,True
1029,Bins beside the Avinashi Road bus stop are full and spilling onto the footpath. This is becoming a regular nuisance for residents.,Sanitation,Garbage collection,11.021027,77.0028,2026-07-12 20:42,ISSUE_0154,True
1030,The whole neighborhood around the Sathyamangalam Road area lost power after a loud noise from the transformer.,Electricity,Power outage,11.04166,77.03459,2026-08-04 00:55,ISSUE_0371,True
1031,The tap water in front of Kalapatti has visible particles floating in it. This is becoming a regular nuisance for residents. This has been the case for the past two days.,Water,Water quality,11.072528,77.030966,2026-07-13 02:28,ISSUE_0342,True
1032,The streetlight near the park in front of Vadavalli has been off for a long time. This is becoming a regular nuisance for residents.,Streetlight,Broken streetlight,11.019975,76.903451,2026-07-22 04:28,ISSUE_0114,True
1033,"Complaints about foul-smelling water beside the Pollachi Road bus stop have increased this month. Not a big problem yet, just flagging it. This has been the case since last week.",Water,Water quality,10.93311,76.967321,2026-07-09 02:22,ISSUE_0336,True
1034,"The electric pole at Ram Nagar looks tilted and unstable, possibly a hazard.",Electricity,Electrical hazard,11.005397,76.964682,2026-07-27 06:39,ISSUE_0429,False
1035,This drain on the Singanallur main road hasn't been cleaned in a long time and is now overflowing. This has been ignored despite earlier complaints. This has been the case for a few weeks.,Drainage,Drain overflow,11.001413,77.025032,2026-08-03 22:51,ISSUE_0233,True
1036,The culvert beside the Race Course bus stop is clogged and water is spilling over the road. Noticed it this morning while passing by.,Drainage,Drain overflow,10.996802,76.954942,2026-07-05 23:26,ISSUE_0256,False
1037,Heavy waterlogging has returned at Saravanampatti after the recent showers. Noticed it this morning while passing by.,Drainage,Waterlogging,11.074325,77.00718,2026-07-30 01:44,ISSUE_0260,True
1038,"Sparks flew from a transformer at Neelambur during the rain, which was alarming.",Electricity,Electrical hazard,10.999104,77.063683,2026-07-29 06:16,ISSUE_0426,False
1039,"The tap water in the Peelamedu locality has visible particles floating in it. Children walk through this area every day, so it needs urgent attention.",Water,Water quality,11.02712,77.025454,2026-08-05 16:58,ISSUE_0344,True
1040,The underpass around the Kavundampalayam Bypass area is submerged and impassable after the rain. Noticed it this morning while passing by.,Drainage,Waterlogging,11.050391,76.945596,2026-07-03 12:53,ISSUE_0293,False
1041,Sewage is backing up beside the Avinashi Road bus stop because the drain is clogged. It is causing inconvenience to daily commuters.,Drainage,Drain overflow,11.022073,77.000631,2026-08-12 10:02,ISSUE_0236,True
1042,The scheduled water supply in the Ganapathy locality did not arrive again today. This has been the case for quite some time.,Water,Water supply,11.032924,76.966978,2026-08-13 18:25,ISSUE_0309,True
1043,People in front of Pollachi Road are falling sick after drinking the tap water. This is becoming a regular nuisance for residents. This has been the case for several days.,Water,Water quality,10.934398,76.967605,2026-08-16 17:43,ISSUE_0341,True
1044,People from outside the area are dumping trash close to Vadavalli Market at night. Noticed it this morning while passing by.,Sanitation,Waste dumping,11.022844,76.908867,2026-07-23 00:12,ISSUE_0210,False
1045,The surface beside the Peelamedu bus stop is patchy with old repairs breaking down again. This is becoming a regular nuisance for residents.,Road,Road damage,11.02957,77.023969,2026-07-26 00:02,ISSUE_0046,True
1046,The corporation truck used to come daily in the Kovaipudur locality but now it's very irregular.,Sanitation,Garbage collection,10.941268,76.914823,2026-07-26 00:09,ISSUE_0158,True
1047,There are exposed live wires hanging close to Podanur which is very dangerous. Elderly residents are finding it especially difficult.,Electricity,Electrical hazard,10.968025,76.970937,2026-08-20 16:39,ISSUE_0409,True
1048,"There's an uneven, sunken patch on the road around the Kuniyamuthur area that's basically a pothole now. This is becoming a regular nuisance for residents.",Road,Pothole,10.967599,76.950204,2026-08-19 00:15,ISSUE_0010,True
1049,The corporation truck used to come daily close to Mettupalayam Road but now it's very irregular. This has been ignored despite earlier complaints. This has been the case for a few weeks.,Sanitation,Garbage collection,11.048442,76.948671,2026-07-02 19:19,ISSUE_0160,True
1050,The corporation truck used to come daily in the Kovaipudur locality but now it's very irregular. It's a small issue but worth noting.,Sanitation,Garbage collection,10.94088,76.91516,2026-08-08 12:26,ISSUE_0158,True
1051,The road surface in the Gandhipuram locality is bumpy and uneven due to wear and tear. It's a small issue but worth noting.,Road,Road damage,11.015587,76.967622,2026-08-12 14:24,ISSUE_0075,False
1052,The sewage line just outside Neelambur appears to have backed up and is overflowing.,Drainage,Drain overflow,10.999329,77.063976,2026-07-11 21:14,ISSUE_0232,True
1053,The tap water near Kalapatti has visible particles floating in it. This has been the case for several days.,Water,Water quality,11.071876,77.030524,2026-08-01 15:02,ISSUE_0342,True
1054,Someone has been illegally dumping construction debris around the Vellalore area. Noticed it this morning while passing by.,Sanitation,Waste dumping,10.944538,76.993831,2026-07-18 15:50,ISSUE_0196,True
1055,We've had frequent power cuts in front of Lakshmi Mills throughout the week. This has been the case since last week.,Electricity,Power outage,11.007395,76.955134,2026-07-03 05:51,ISSUE_0381,True
1056,The signal pole just outside Uppilipalayam looks damaged and the lights aren't lighting up. This is becoming a regular nuisance for residents.,Road,Traffic signal,10.989716,77.023731,2026-08-10 22:27,ISSUE_0089,True
1057,Water only trickles around the Neelambur area for a few minutes instead of the usual hour. It is causing inconvenience to daily commuters.,Water,Water supply,10.998181,77.061395,2026-07-10 06:24,ISSUE_0307,True
1058,The pothole close to Kuniyamuthur has expanded after the rain and is now quite deep.,Road,Pothole,10.967462,76.951263,2026-07-12 08:14,ISSUE_0010,True
1059,Residents close to Mettupalayam Road are frustrated with the inconsistent garbage pickup.,Sanitation,Garbage collection,11.045652,76.947273,2026-08-13 13:59,ISSUE_0153,True
1060,We haven't received municipal water on the Vellalore main road on the usual schedule. Elderly residents are finding it especially difficult. This has been the case since yesterday.,Water,Water supply,10.94396,76.990435,2026-07-26 01:42,ISSUE_0303,True
1061,Bikers keep swerving just outside Sathyamangalam Road because of a hidden pothole. It's a small issue but worth noting.,Road,Pothole,11.038147,77.031904,2026-08-15 13:32,ISSUE_0004,True
1062,"Builders seem to be dumping leftover material in the Vellalore locality illegally. Not a big problem yet, just flagging it. This has been the case since yesterday.",Sanitation,Waste dumping,10.946127,76.990558,2026-07-31 19:59,ISSUE_0197,True
1063,"Illegal dumping beside the Sathyamangalam Road bus stop is attracting stray dogs and pests. Not a big problem yet, just flagging it. This has been the case since last week.",Sanitation,Waste dumping,11.03666,77.035045,2026-07-14 18:09,ISSUE_0204,False
1064,It's pitch dark near Kalapatti at night because the streetlight is broken.,Streetlight,Broken streetlight,11.072212,77.031577,2026-08-13 22:25,ISSUE_0125,True
1065,Water supply in the Sitra locality used to be daily but has now become erratic. Several people in the area have noticed this.,Water,Water supply,10.975092,76.998481,2026-08-15 00:53,ISSUE_0299,True
1066,Can someone look into the pothole close to Vadavalli Bridge? It's getting worse.,Road,Pothole,11.022296,76.902454,2026-07-22 22:06,ISSUE_0034,False
1067,We've had frequent power cuts in front of Sowripalayam throughout the week.,Electricity,Power outage,11.001934,76.992765,2026-07-02 14:57,ISSUE_0373,True
1068,Unauthorized dumping around the Trichy Road area has been happening for weeks now. It is causing inconvenience to daily commuters. This has been the case since last week.,Sanitation,Waste dumping,10.988264,77.006931,2026-07-11 09:44,ISSUE_0198,True
1069,The lamp around the Thudiyalur area used to work fine but has been dead for a month. This has been the case for several days.,Streetlight,Broken streetlight,11.079481,76.944958,2026-07-01 04:47,ISSUE_0129,False
1070,"The damaged pole on the Singanallur main road has wires touching the compound wall, which is risky.",Electricity,Electrical hazard,11.002416,77.029888,2026-07-12 07:33,ISSUE_0405,True
1071,We've been without water near Peelamedu Pudur since the maintenance work began.,Water,Water supply,11.022779,77.033587,2026-08-11 15:29,ISSUE_0327,False
1072,The garbage van skipped our street beside the Kurichi bus stop again this week. It is causing inconvenience to daily commuters.,Sanitation,Garbage collection,10.960292,76.964361,2026-08-06 11:13,ISSUE_0155,True
1073,We are forced to buy bottled water because the tap water just outside Peelamedu is unsafe. The water appears contaminated and unsafe to use.,Water,Water quality,11.027592,77.025594,2026-07-03 09:33,ISSUE_0344,True
1074,"Shops around the Peelamedu Pudur area are getting flooded because the road can't drain the water. Not a big problem yet, just flagging it.",Drainage,Waterlogging,11.025958,77.035568,2026-08-08 09:20,ISSUE_0274,True
1075,The entire stretch just outside Trichy Road looks like it hasn't been repaired in years.,Road,Road damage,10.990563,77.00731,2026-07-02 06:24,ISSUE_0041,True
1076,The cable near the pole beside the Kuniyamuthur bus stop looks frayed and dangerous. Many residents in the area are affected by this. This has been the case since the last heavy rain.,Electricity,Electrical hazard,10.970982,76.951488,2026-07-06 04:46,ISSUE_0404,True
1077,Power supply at Sitra keeps fluctuating before cutting off completely. This is becoming a regular nuisance for residents.,Electricity,Power outage,10.972899,76.99979,2026-07-18 15:27,ISSUE_0378,True
1078,The junction box beside the Trichy Road bus stop has been left open with live connections inside.,Electricity,Electrical hazard,10.987699,77.0069,2026-07-14 00:08,ISSUE_0420,True
1079,Sparking has been seen near the streetlight wiring around the Lakshmi Mills area at night. Vehicles are getting damaged because of this. This has been the case for quite some time.,Electricity,Electrical hazard,11.004721,76.950958,2026-08-05 20:48,ISSUE_0438,False
1080,Commuters in the Neelambur locality are relying on vehicle headlights since there's no street lighting.,Streetlight,Broken streetlight,11.000029,77.060258,2026-08-05 09:32,ISSUE_0141,False
1081,"There's no signal control beside the Chinniampalayam bus stop at all, it seems to have shut down. This has been the case since yesterday.",Road,Traffic signal,11.089183,77.018736,2026-07-08 11:12,ISSUE_0082,True
1082,The overhead tank beside the Ramanathapuram bus stop isn't filling properly due to supply issues. This has been the case for several days.,Water,Water supply,10.995583,76.979019,2026-08-05 07:55,ISSUE_0320,False
1083,Construction vehicles have worsened the already damaged road along the stretch near Race Course.,Road,Road damage,10.996718,76.956522,2026-08-18 04:37,ISSUE_0053,True
1084,Unauthorized dumping near Uppilipalayam has been happening for weeks now.,Sanitation,Waste dumping,10.98925,77.020935,2026-08-18 19:15,ISSUE_0191,True
1085,The lamp in front of Sowripalayam used to work fine but has been dead for a month. Elderly residents are finding it especially difficult. This has been the case for a few weeks.,Streetlight,Broken streetlight,11.000351,76.991644,2026-08-04 11:08,ISSUE_0126,True
1086,"There's an uneven, sunken patch on the road along the stretch near Vadavalli Market that's basically a pothole now.",Road,Pothole,11.019922,76.905965,2026-08-19 20:50,ISSUE_0011,True
1087,The scheduled water supply along the stretch near Sitra did not arrive again today. Several people in the area have noticed this.,Water,Water supply,10.975048,76.998145,2026-07-03 05:59,ISSUE_0299,True
1088,There's a live wire lying on the ground around the Trichy Road area.,Electricity,Electrical hazard,10.98674,77.006245,2026-08-20 22:53,ISSUE_0420,True
1089,The drain around the Ram Nagar area overflows every time it rains even lightly. Several people in the area have noticed this.,Drainage,Drain overflow,10.99989,76.961536,2026-07-16 11:13,ISSUE_0225,True
1090,The pole at Gandhipuram has visible sparking whenever it rains. This has been the case for a few weeks.,Electricity,Electrical hazard,11.016772,76.968943,2026-08-16 16:19,ISSUE_0412,True
1091,There's visible road erosion in front of Sathyamangalam Road near the shoulder. This has been the case for quite some time.,Road,Road damage,11.040408,77.033512,2026-08-03 08:15,ISSUE_0052,True
1092,We've had frequent power cuts around the Sitra area throughout the week. This is becoming a regular nuisance for residents.,Electricity,Power outage,10.973197,76.999661,2026-07-24 01:51,ISSUE_0378,True
1093,Two-wheelers are stalling in the standing water in the Eachanari locality. It is causing inconvenience to daily commuters.,Drainage,Waterlogging,10.951041,76.952811,2026-07-07 08:46,ISSUE_0279,False
1094,A fallen wire around the Kalapatti area is lying across the footpath unattended. This is becoming a regular nuisance for residents.,Electricity,Electrical hazard,11.07458,77.031116,2026-07-16 12:24,ISSUE_0428,False
1095,The streetlight on the Sowripalayam main road was damaged in a storm and hasn't been fixed.,Streetlight,Broken streetlight,10.997202,76.995506,2026-07-30 16:42,ISSUE_0112,True
1096,"A big hole has formed on the road around the Mettupalayam Road area, making it risky to drive over. Elderly residents are finding it especially difficult. This has been the case since the last heavy rain.",Road,Pothole,11.043784,76.948666,2026-08-20 01:42,ISSUE_0019,False
1097,"The cable near the pole just outside Trichy Road looks frayed and dangerous. Not a big problem yet, just flagging it.",Electricity,Electrical hazard,10.987413,77.007062,2026-08-19 05:52,ISSUE_0420,True
1098,The drain outlet close to Avinashi Road is blocked with plastic waste causing an overflow. Several people in the area have noticed this.,Drainage,Drain overflow,11.022186,77.000007,2026-07-16 08:34,ISSUE_0236,True
1099,"This road near Thudiyalur badly needs repaving, it's falling apart bit by bit. This has been the case for a few weeks.",Road,Road damage,11.08146,76.941327,2026-07-31 05:06,ISSUE_0051,True
1100,"Please fix the pothole on the Ramanathapuram main road, it's damaging vehicle tyres. Several people in the area have noticed this.",Road,Pothole,10.996182,76.979232,2026-07-23 04:26,ISSUE_0024,False
1101,A broken electrical fixture in the Singanallur locality is sparking intermittently. This has been ignored despite earlier complaints.,Electricity,Electrical hazard,11.002708,77.029296,2026-07-02 09:10,ISSUE_0405,True
1102,Electricity at Lakshmi Mills went out during the storm and hasn't returned. Vehicles are getting damaged because of this.,Electricity,Power outage,11.007463,76.956037,2026-08-14 20:53,ISSUE_0381,True
1103,No one has picked up the garbage along the stretch near Neelambur in over a week. Several people in the area have noticed this. This has been the case for the past two days.,Sanitation,Garbage collection,10.997001,77.064402,2026-07-02 11:36,ISSUE_0184,False
1104,Households near Pollachi Road are boiling water extra carefully due to contamination concerns.,Water,Water quality,10.933971,76.967087,2026-08-02 21:27,ISSUE_0341,True
1105,"The road at Ganapathy Bus Stand is filled with knee-deep water right now. Not a big problem yet, just flagging it.",Drainage,Waterlogging,11.037773,76.96829,2026-07-20 14:54,ISSUE_0261,True
1106,"Construction waste is being dumped beside the Vellalore bus stop despite it being a residential area. Not a big problem yet, just flagging it.",Sanitation,Waste dumping,10.946973,76.991124,2026-07-30 13:27,ISSUE_0197,True
1107,"There's barely any pressure in the pipes along the stretch near Vadavalli, water just dribbles out. This is a serious safety risk for everyone nearby.",Water,Water supply,11.020983,76.900697,2026-08-13 21:18,ISSUE_0315,False
1108,The power supply near Podanur has been cut for several hours now. This has been the case for quite some time.,Electricity,Power outage,10.965634,76.973353,2026-07-17 23:32,ISSUE_0369,True
1109,The red light in the Peelamedu locality doesn't seem to turn green even after a long wait. Several people in the area have noticed this. This has been the case since yesterday.,Road,Traffic signal,11.032616,77.029528,2026-07-23 01:55,ISSUE_0108,False
1110,Cross traffic around the Kovaipudur area is a mess without a working signal. This is becoming a regular nuisance for residents.,Road,Traffic signal,10.939565,76.913447,2026-08-11 16:12,ISSUE_0087,True
1111,The road in the Vilankurichi locality has developed ridges and dips that jolt every vehicle passing. Noticed it this morning while passing by.,Road,Road damage,11.016392,77.019248,2026-07-13 11:52,ISSUE_0070,False
1112,A fallen wire around the Sitra area is lying across the footpath unattended.,Electricity,Electrical hazard,10.976321,76.996564,2026-08-17 17:31,ISSUE_0419,True
1113,Edges of the road on the Kalapatti main road are crumbling into the drain alongside. This has been the case for over a month now.,Road,Road damage,11.074371,77.031416,2026-07-16 13:59,ISSUE_0054,True
1114,Kids playing close to Kovaipudur in the evening have almost no visibility once it gets dark. This has been the case since yesterday.,Streetlight,Broken streetlight,10.942736,76.913061,2026-08-17 16:57,ISSUE_0123,True
1115,Waste from nearby shops is being dumped along the stretch near Lakshmi Mills instead of collected properly.,Sanitation,Waste dumping,11.007619,76.955118,2026-08-04 00:37,ISSUE_0186,True
1116,"The pipeline on the Town Hall main road seems to have an interruption, no water is coming through. This has been the case for over a month now.",Water,Water supply,10.994623,76.96508,2026-07-11 02:24,ISSUE_0298,True
1117,There are exposed live wires hanging at Kovaipudur which is very dangerous.,Electricity,Electrical hazard,10.941624,76.917162,2026-07-22 10:58,ISSUE_0417,True
1118,The road on the Saravanampatti main road has a large crater right in the middle of the lane. Noticed it this morning while passing by.,Road,Pothole,11.07168,77.007115,2026-07-28 16:17,ISSUE_0018,True
1119,The low-lying stretch close to Thudiyalur floods every time it rains.,Drainage,Waterlogging,11.082395,76.945598,2026-08-18 15:21,ISSUE_0267,True
1120,"The electric pole in the Sitra locality looks tilted and unstable, possibly a hazard. Many residents in the area are affected by this. This has been the case since the last heavy rain.",Electricity,Electrical hazard,10.976109,76.997756,2026-07-25 16:14,ISSUE_0419,True
1121,My scooter's suspension got damaged going over a pothole along the stretch near Saravanampatti. Vehicles are getting damaged because of this. This has been the case since yesterday.,Road,Pothole,11.071704,77.007465,2026-07-25 01:55,ISSUE_0018,True
1122,A blocked drain at Hopes College is causing water to stagnate near the shops. This has been ignored despite earlier complaints.,Drainage,Drain overflow,11.00902,76.944454,2026-07-04 10:11,ISSUE_0224,True
1123,"Sewage water just outside Avinashi Road is flowing directly onto the pavement. Children walk through this area every day, so it needs urgent attention.",Drainage,Drain overflow,11.022459,77.000347,2026-08-12 09:46,ISSUE_0236,True
1124,The supplied water in front of Ukkadam appears contaminated with sediment. This has been ignored despite earlier complaints. This has been the case for a few weeks.,Water,Water quality,10.990623,76.961853,2026-08-11 16:03,ISSUE_0337,True
1125,The stretch at Kuniyamuthur is full of potholes making it hard to ride smoothly. This is becoming a regular nuisance for residents.,Road,Pothole,10.966576,76.951439,2026-08-01 23:05,ISSUE_0010,True
1126,Water pressure just outside Saravanampatti has been extremely low this week. This has been the case for the past two days.,Water,Water supply,11.070476,77.006599,2026-08-01 04:42,ISSUE_0308,True
1127,The road on the Saibaba Colony main road is flooded again and vehicles are struggling to cross. Noticed it this morning while passing by.,Drainage,Waterlogging,11.018811,76.939064,2026-07-25 03:03,ISSUE_0266,True
1128,Sewage water along the stretch near Vellalore is flowing directly onto the pavement. This has been the case for several days.,Drainage,Drain overflow,10.945416,76.996173,2026-07-22 16:58,ISSUE_0221,True
1129,There's a live wire lying on the ground close to Kovaipudur. Several people in the area have noticed this.,Electricity,Electrical hazard,10.94115,76.916515,2026-08-15 01:44,ISSUE_0418,True
1130,People from outside the area are dumping trash along the stretch near Vellalore at night.,Sanitation,Waste dumping,10.944035,76.99327,2026-08-11 22:14,ISSUE_0196,True
1131,The electric meter box just outside Trichy Road is open and wires are visible. This has been the case for a few weeks.,Electricity,Electrical hazard,10.985393,77.007929,2026-08-07 03:35,ISSUE_0406,True
1132,This pothole just outside Hopes College is filled with water and impossible to spot at night. Noticed it this morning while passing by.,Road,Pothole,11.006677,76.942865,2026-08-04 14:57,ISSUE_0013,True
1133,Sewage is backing up at Singanallur because the drain is clogged.,Drainage,Drain overflow,10.999022,77.026963,2026-07-13 20:32,ISSUE_0222,True
1134,Residents on the Saravanampatti main road are dealing with overflow from a blocked drain. This has been the case for the past two days.,Drainage,Drain overflow,11.070275,77.005091,2026-08-14 05:20,ISSUE_0250,False
1135,There's been an irregular water supply in front of Gandhipuram for over a week now. Vehicles are getting damaged because of this.,Water,Water supply,11.014417,76.963845,2026-07-11 00:49,ISSUE_0310,True
1136,The open plot at Pollachi Road has become a dumping site for old furniture and debris.,Sanitation,Waste dumping,10.937442,76.969663,2026-07-24 10:54,ISSUE_0188,True
1137,Two-wheelers are stalling in the standing water close to Malumichampatti. This has been ignored despite earlier complaints.,Drainage,Waterlogging,10.929885,76.985514,2026-08-17 08:59,ISSUE_0272,True
1138,There are long cracks running across the road along the stretch near Trichy Road. This has been ignored despite earlier complaints.,Road,Road damage,10.990332,77.006146,2026-08-12 06:12,ISSUE_0041,True
1139,"Rainwater is not draining in the Rathinapuri locality, leaving the road waterlogged for days.",Drainage,Waterlogging,10.988265,76.944671,2026-07-01 21:43,ISSUE_0271,True
1140,This water close to Pollachi Road doesn't look safe to drink at all. This has been the case since the last heavy rain.,Water,Water quality,10.9346,76.968034,2026-07-02 23:47,ISSUE_0341,True
1141,The power supply close to Chinniampalayam has been cut for several hours now. Many residents in the area are affected by this.,Electricity,Power outage,11.089852,77.017479,2026-08-19 13:59,ISSUE_0367,True
1142,The red light close to Ondipudur Bypass doesn't seem to turn green even after a long wait.,Road,Traffic signal,11.007536,77.050714,2026-07-28 13:32,ISSUE_0084,True
1143,"Please fix the pothole along the stretch near Ukkadam, it's damaging vehicle tyres. This is becoming a regular nuisance for residents.",Road,Pothole,10.990628,76.959394,2026-07-22 18:45,ISSUE_0022,False
1144,Garbage bags are being thrown in the Trichy Road locality instead of using the designated bins.,Sanitation,Waste dumping,10.987486,77.006272,2026-07-01 16:13,ISSUE_0198,True
1145,The water quality just outside Kalapatti has been poor since the recent pipeline repair. It is causing inconvenience to daily commuters.,Water,Water quality,11.071715,77.030759,2026-08-13 14:24,ISSUE_0342,True
1146,The stretch close to Vellalore is full of potholes making it hard to ride smoothly. This has been the case since the last heavy rain.,Road,Pothole,10.947309,76.989267,2026-07-16 23:41,ISSUE_0040,False
1147,Water pressure on the Malumichampatti main road has been extremely low this week. This is becoming a regular nuisance for residents. This has been the case for quite some time.,Water,Water supply,10.929793,76.989622,2026-07-20 15:12,ISSUE_0323,False
1148,"Wires are hanging dangerously low in front of Thudiyalur, almost touching pedestrians.",Electricity,Electrical hazard,11.081698,76.946786,2026-08-03 08:05,ISSUE_0422,False
1149,The area just outside Podanur has experienced repeated power interruptions this month. This has been the case for several days.,Electricity,Power outage,10.963858,76.975107,2026-08-01 05:53,ISSUE_0379,True
1150,Household waste just outside Eachanari is accumulating since the collection schedule was disrupted. It is causing inconvenience to daily commuters.,Sanitation,Garbage collection,10.950935,76.950833,2026-07-06 18:08,ISSUE_0150,True
1151,There's a foul-smelling dump pile near Vadavalli Bridge that keeps growing. Several people in the area have noticed this.,Sanitation,Waste dumping,11.023536,76.902749,2026-08-11 23:49,ISSUE_0192,True
1152,The culvert in the Town Hall locality is clogged and water is spilling over the road.,Drainage,Drain overflow,10.992535,76.961965,2026-07-04 08:50,ISSUE_0249,False
1153,Can someone look into the pothole beside the Vadavalli bus stop? It's getting worse. It's a small issue but worth noting.,Road,Pothole,11.022367,76.906985,2026-07-29 08:57,ISSUE_0006,True
1154,Walking in front of Vadavalli after dark feels unsafe due to the broken light. Several people in the area have noticed this.,Streetlight,Broken streetlight,11.018444,76.903594,2026-07-23 08:55,ISSUE_0114,True
1155,There's visible road erosion on the Race Course main road near the shoulder. It is causing inconvenience to daily commuters.,Road,Road damage,10.996116,76.956502,2026-07-24 19:51,ISSUE_0053,True
1156,Water is accumulating near RS Puram after yesterday's rain.,Drainage,Waterlogging,11.009312,76.94707,2026-08-07 14:34,ISSUE_0282,False
1157,We've had frequent power cuts on the Vellalore main road throughout the week. This has been the case since the last heavy rain.,Electricity,Power outage,10.944194,76.989453,2026-07-24 17:54,ISSUE_0392,False
1158,Water only trickles in the Gandhipuram locality for a few minutes instead of the usual hour.,Water,Water supply,11.014713,76.964047,2026-08-07 11:10,ISSUE_0310,True
1159,The lamp post close to Kalapatti has been flickering for days before finally going out. This has been the case since yesterday.,Streetlight,Broken streetlight,11.073077,77.03085,2026-07-27 22:40,ISSUE_0125,True
1160,"One side of the signal at Malumichampatti stays green far too long, blocking cross traffic. Vehicles are getting damaged because of this.",Road,Traffic signal,10.92448,76.984305,2026-08-13 23:34,ISSUE_0081,True
1161,Water levels close to Rathinapuri rose quickly during the storm and haven't gone down. It's a small issue but worth noting.,Drainage,Waterlogging,10.989674,76.94469,2026-07-27 14:09,ISSUE_0271,True
1162,There's been an unscheduled power cut in the Ganapathy locality for hours together. It is causing inconvenience to daily commuters.,Electricity,Power outage,11.032856,76.970709,2026-07-23 17:57,ISSUE_0399,False
1163,Drain water just outside Pollachi Road has been overflowing onto the road for days. This is becoming a regular nuisance for residents.,Drainage,Drain overflow,10.937433,76.969463,2026-08-19 20:10,ISSUE_0245,False
1164,The color of the water close to Peelamedu changes between clear and brownish. This has been the case for over a month now.,Water,Water quality,11.026527,77.025949,2026-07-08 04:33,ISSUE_0344,True
1165,The entire road beside the Peelamedu Pudur bus stop is underwater following last night's rain. Elderly residents are finding it especially difficult.,Drainage,Waterlogging,11.026832,77.03583,2026-08-07 22:46,ISSUE_0274,True
1166,It's been a long outage along the stretch near Sowripalayam and appliances have been idle all day. This is a serious safety risk for everyone nearby.,Electricity,Power outage,11.001582,76.993482,2026-08-07 18:45,ISSUE_0373,True
1167,Households on the Ondipudur main road are boiling water extra carefully due to contamination concerns. It's a small issue but worth noting.,Water,Water quality,11.003159,77.04375,2026-07-28 17:53,ISSUE_0338,True
1168,"Pedestrian signal on the Chinniampalayam main road isn't functioning, making it unsafe to cross.",Road,Traffic signal,11.088271,77.01848,2026-08-04 04:07,ISSUE_0082,True
1169,Someone dumped a mattress and other bulky waste beside the Vadavalli Bridge bus stop.,Sanitation,Waste dumping,11.024494,76.902166,2026-08-11 02:44,ISSUE_0192,True
1170,There's been an irregular water supply in front of Gandhipuram for over a week now. This has been the case since last week.,Water,Water supply,11.015338,76.964222,2026-08-07 22:36,ISSUE_0310,True
1171,Residents just outside Ram Nagar are dealing with overflow from a blocked drain. This has been the case for a few weeks.,Drainage,Drain overflow,10.999321,76.960871,2026-07-14 13:25,ISSUE_0225,True
1172,A section of the road near Chinniampalayam has caved in slightly on one side. Several people in the area have noticed this.,Road,Road damage,11.086034,77.016762,2026-08-10 08:58,ISSUE_0043,True
1173,Water pressure just outside Ganapathy has been extremely low this week. This has been the case for the past two days.,Water,Water supply,11.033909,76.967103,2026-07-03 13:43,ISSUE_0309,True
1174,Residents close to Kavundampalayam are relying on tankers because the supply has stopped. Noticed it this morning while passing by. This has been the case for several days.,Water,Water supply,11.048462,76.947108,2026-07-25 23:34,ISSUE_0300,True
1175,The color of the water on the Podanur main road changes between clear and brownish. Several people in the area have noticed this.,Water,Water quality,10.968644,76.97074,2026-08-13 20:07,ISSUE_0362,False
1176,The road near Eachanari has a large crater right in the middle of the lane. Elderly residents are finding it especially difficult.,Road,Pothole,10.953485,76.954329,2026-08-16 05:22,ISSUE_0008,True
1177,The water at Kavundampalayam tastes odd and doesn't seem fit for drinking.,Water,Water quality,11.049368,76.942302,2026-07-11 11:15,ISSUE_0340,True
1178,The entire road close to Ganapathy Bus Stand is underwater following last night's rain. This is becoming a regular nuisance for residents.,Drainage,Waterlogging,11.040162,76.969626,2026-07-12 05:36,ISSUE_0283,False
1179,"Electricity in the Ondipudur locality has been unstable, going off every few hours. Elderly residents are finding it especially difficult.",Electricity,Power outage,11.007798,77.045036,2026-07-10 06:57,ISSUE_0376,True
1180,A fallen wire along the stretch near Trichy Road is lying across the footpath unattended. This is a serious safety risk for everyone nearby.,Electricity,Electrical hazard,10.987222,77.00644,2026-07-10 10:56,ISSUE_0420,True
1181,Traffic lights at Uppilipalayam are flickering and confusing drivers. Several people in the area have noticed this.,Road,Traffic signal,10.989971,77.02332,2026-08-15 02:01,ISSUE_0089,True
1182,"The drain near the junction around the Neelambur area is choked with debris and overflowing. Not a big problem yet, just flagging it. This has been the case since yesterday.",Drainage,Drain overflow,11.000065,77.063688,2026-07-17 16:18,ISSUE_0232,True
1183,The lamp post in the Sitra locality has been flickering for days before finally going out. Vehicles are getting damaged because of this.,Streetlight,Broken streetlight,10.972867,76.996496,2026-08-08 02:30,ISSUE_0117,True
1184,"There's an uneven, sunken patch on the road beside the Eachanari bus stop that's basically a pothole now. Not a big problem yet, just flagging it.",Road,Pothole,10.952448,76.955223,2026-07-22 17:25,ISSUE_0008,True
1185,Water pressure in front of Vellalore has been extremely low this week.,Water,Water supply,10.944066,76.990618,2026-08-05 13:54,ISSUE_0303,True
1186,Vehicles are just going by instinct near Vadavalli since the signal isn't working.,Road,Traffic signal,11.020137,76.906366,2026-07-06 19:17,ISSUE_0077,True
1187,This low point along the stretch near Vadavalli Market collects rainwater and takes days to dry up. Elderly residents are finding it especially difficult. This has been the case for a few weeks.,Drainage,Waterlogging,11.019042,76.904029,2026-08-04 21:45,ISSUE_0262,True
1188,Loose stones and debris from the broken road in the Kalapatti locality are a hazard for two-wheelers. This is becoming a regular nuisance for residents.,Road,Road damage,11.073715,77.032033,2026-08-09 09:04,ISSUE_0054,True
1189,The water along the stretch near Kalapatti tastes odd and doesn't seem fit for drinking. It is causing inconvenience to daily commuters. This has been the case for quite some time.,Water,Water quality,11.071309,77.030973,2026-07-29 05:33,ISSUE_0342,True
1190,"There's no signal control on the Selvapuram main road at all, it seems to have shut down. This is becoming a regular nuisance for residents.",Road,Traffic signal,10.988837,76.935151,2026-07-14 03:20,ISSUE_0080,True
1191,There's been an unscheduled power cut around the Vadavalli Bridge area for hours together. Noticed it this morning while passing by.,Electricity,Power outage,11.025676,76.90249,2026-07-09 22:23,ISSUE_0380,True
1192,We haven't received municipal water beside the Town Hall bus stop on the usual schedule. This has been the case since last week.,Water,Water supply,10.995273,76.965086,2026-07-06 21:43,ISSUE_0298,True
1193,"The streetlight wiring just outside Saibaba Colony looks damaged, possibly why it isn't lighting. Elderly residents are finding it especially difficult.",Streetlight,Broken streetlight,11.019887,76.936088,2026-08-06 16:18,ISSUE_0119,True
1194,The pole close to Kalapatti is standing but the light on top isn't working.,Streetlight,Broken streetlight,11.07341,77.030695,2026-07-29 11:07,ISSUE_0125,True
1195,"The supply line beside the Ganapathy bus stop appears to have a leak, reducing pressure downstream. It is causing inconvenience to daily commuters.",Water,Water supply,11.032634,76.968016,2026-07-15 18:41,ISSUE_0309,True
1196,Unauthorized dumping along the stretch near Ondipudur Bypass has been happening for weeks now. It is causing inconvenience to daily commuters. This has been the case for over a month now.,Sanitation,Waste dumping,11.008508,77.046688,2026-07-02 02:40,ISSUE_0194,True
1197,The pothole on the Saravanampatti main road has expanded after the rain and is now quite deep. This has been the case for over a month now.,Road,Pothole,11.071861,77.006616,2026-08-07 04:25,ISSUE_0018,True
1198,The water beside the Ganapathy bus stop tastes odd and doesn't seem fit for drinking.,Water,Water quality,11.032671,76.970883,2026-07-02 08:38,ISSUE_0351,False
1199,Rainwater has pooled beside the Peelamedu bus stop and isn't draining away.,Drainage,Waterlogging,11.030305,77.028568,2026-07-25 23:16,ISSUE_0289,False
1200,The drain near the junction near Ganapathy Bus Stand is choked with debris and overflowing.,Drainage,Drain overflow,11.036577,76.966616,2026-07-19 16:10,ISSUE_0229,True
